#include "EmbeddedFonts.h"

const unsigned int InterFont_compressed_size = 33470;
const unsigned int InterFont_compressed_data[33472 / 4] = {
    0x0000bc57, 0x00000000, 0x2cce0000, 0x00000400, 0x00010025, 0x82110000, 0x00042e04, 0x45444710, 0x0c5e0c46, 0x85000085, 0x081582bc,
    0x5047882b, 0xf480534f, 0x00000e4a, 0x00004486, 0x53471c37, 0xb2ef4255, 0x0000621d, 0x000060bd, 0x534fcc10, 0x5070322f, 0x00006973,
    0x292e8272, 0x6d636000, 0xb9277061, 0x0f82b528, 0x25081f82, 0x7663bc01, 0x127e2074, 0x0000ae3f, 0x00001883, 0x70660401, 0x2f626d67,
    0x00008107, 0x00001c74, 0x61670c0e, 0x38827073, 0x00001024, 0x0782b485, 0x6c670828, 0xf0b26679, 0x2b82f805, 0x692c1f82, 0x61656894,
    0x739a3464, 0x6d0000fe, 0x00223f82, 0x10826836, 0x14841627, 0x71000011, 0x282f82dc, 0x746d6824, 0x913c7578, 0x3c1f82a0, 0x04000050,
    0x636f6c8c, 0x5ad04061, 0x6a00005d, 0x020000d0, 0x78616d48, 0x0f290370, 0x200f828f, 0x2b2f82b0, 0x6d616e20, 0x35ad1c65, 0x840000c7,
    0x01295f82, 0x736f7078, 0x00a7fe74, 0x207f828c, 0x2b1f8394, 0x70657270, 0x7a23ff68, 0x28820000, 0x20080f82, 0x000200ef, 0x05000034,
    0x00d20551, 0x00100007, 0x0d29402c, 0x01000401, 0x0004004c, 0x02040102, 0x2d238268, 0x03054d56, 0x57010102, 0x00004e01, 0x26820809,
    0x11074108, 0x0b061111, 0x01332b19, 0x03230133, 0x21130321, 0x27262603, 0x34070606, 0x02dc1d02, 0xfd95c824, 0x01ca909a, 0x441b6cf1,
    0x18462f30, 0x2efad205, 0x60fea001, 0x2e014602, 0xa5a2d94b, 0xffff45dc, 0x073b7385, 0x00260276, 0x01000001, 0x001a0107, 0x00740165,
    0x0202b109, 0xb07401b8, 0x88002b35, 0x87692023, 0xfa002323, 0x2385bd00, 0x238f0120, 0x23888a20, 0x2401f822, 0xf72223a0, 0x239fcb01,
    0x011c0123, 0x2023961b, 0x276b85fa, 0x1f010700, 0x00009101, 0x32053f41, 0xd2056d07, 0x13000f00, 0x42404500, 0x01000900, 0x82720901,
    0x08032c18, 0x00670302, 0x04060008, 0x82670608, 0x60002114, 0x56342f82, 0x0404004d, 0x070a5f05, 0x57050502, 0x00004e05, 0x10111213,
    0x0f213b82, 0x29008511, 0x2b1d0b0b, 0x15210133, 0x03881121, 0x01033508, 0x34231121, 0x6204cc02, 0x9e0234fd, 0xd70262fd, 0xe7fd73fc,
    0x010c01c2, 0xd2055dcf, 0xa814fea8, 0x01a812fe, 0x0260fea0, 0x0019033e, 0xb4000300, 0xc8040000, 0x13349182, 0x26001d00, 0x36403900,
    0x0403010a, 0x04004c01, 0x04020300, 0x05239282, 0x855f0005, 0x0202258a, 0x01065f01, 0x2706dc41, 0x1e202426, 0x14161b1d, 0x1233c782,
    0x170b0721, 0x2111332b, 0x15161632, 0x07060614, 0x83021e15, 0x25232b07, 0x35363221, 0x23262634, 0x09853521, 0x21238408, 0x9c1002b4,
    0x6f4463cb, 0x5d8b4641, 0xfeb0dc67, 0xae5e019d, 0x608b4c93, 0x480198fe, 0x9187a678, 0xd205b2fe, 0x606db36b, 0x0e124a7d, 0x75a25804,
    0xa869b470, 0x7e4b6186, 0x738ca04c, 0x00008661, 0xff7a0001, 0x056805ec, 0x002100e6, 0x0038403b, 0x03050302, 0x00800502, 0x05030405,
    0x03007e04, 0x00610103, 0x4d5c0101, 0x00040400, 0x00010661, 0x4e005d00, 0x1d1e0001, 0x1012181a, 0x07090c0d, 0x82012100, 0x2b162aad,
    0x02242205, 0x24123435, 0x26b38233, 0x022e2317, 0x82062223, 0x124e08b3, 0x36323316, 0x0e333736, 0xbf0f0302, 0xababd5fe, 0x97bf2b01,
    0xbe1aabfd, 0x61ac7915, 0x7f7ed886, 0xab6285d8, 0x1abe1579, 0xb914fda9, 0xedec5701, 0x75ba5701, 0x8c669ada, 0xf9fe8847, 0xf9febebf,
    0x658c4887, 0x0076dc97, 0x7a00ffff, 0xa78353fe, 0x26022308, 0x00000a00, 0x1e010701, 0xf5ff0402, 0x01b10900, 0xf5ffb801, 0x002b35b0,
    0xb4000200, 0x4c050000, 0x2182d205, 0x28001324, 0xbe832540, 0x01005f2b, 0x004d5601, 0x5f000202, 0x20be8204, 0x08be8357, 0x0d111330,
    0x0002040b, 0x050a010a, 0x212b160b, 0x32211121, 0x14151204, 0x21250402, 0x10110020, 0x02212100, 0x012ffe85, 0x3501dae4, 0xc2fea6a5,
    0x6e820afe, 0x0b01103d, 0xfdfefafe, 0xd205e7fe, 0xe7b3feb2, 0xb4b1fee9, 0x013501a8, 0x010d010f, 0x83010031, 0x49042179, 0x0b2f7982,
    0x2c402f00, 0x03000200, 0x67030204, 0x41010100, 0x042507eb, 0x065f0504, 0x06754201, 0x000b0024, 0x0083110b, 0x1b0b0724, 0x6b42332b,
    0xb4153409, 0x32fd8c03, 0x63fd9d02, 0xd205d702, 0xa81afea8, 0x83a80cfe, 0x23d782fb, 0x8a074904, 0x0d20fb82, 0x0025fb83, 0x01e100f8,
    0x43fb8574, 0x238f08b1, 0x8801f722, 0x0123239f, 0x96d8001c, 0x87762023, 0x1a01236b, 0x23852200, 0x86071d44, 0x823920ed, 0x000924ed,
    0x91264029, 0x01052ced, 0x04570404, 0x0000004e, 0x83090009, 0x0b0622e7, 0x28e78a1a, 0xfd8503b4, 0xfd830239, 0x23e3837d, 0x7cfda802,
    0x38068542, 0x00e60578, 0x403e0023, 0x0302003b, 0x06020306, 0x00060080, 0x05060405, 0x0e864267, 0x86420720, 0x1e1f3107, 0x17191c1d,
    0x0c0d0f11, 0x23000709, 0x0b082301, 0x250b8842, 0x23171604, 0x88422626, 0x214a080c, 0x14152135, 0x15030402, 0xa8d4fec7, 0xbf2801a8,
    0xaa01019e, 0xd32ec41b, 0x7ed6839e, 0x7c89da7f, 0xfe026dbe, 0x9e3c027e, 0xba14edfe, 0xedeb5701, 0x7bba5701, 0xa88f91db, 0xc0f9fe87,
    0x88fafebe, 0xa683c068, 0xf0feb9a3, 0x05410095, 0x3e052905, 0x0b00d205, 0x24402700, 0x04250f82, 0x67040103, 0x2b9c8202, 0x05064d56,
    0x57030302, 0x00004e03, 0x260eeb41, 0x11211133, 0x82231133, 0xbeb43305, 0xbebe0e03, 0xd205f2fc, 0x84027cfd, 0xa6022efa, 0x55865afd,
    0x82720121, 0x00032a55, 0x02164019, 0x56010101, 0x2145824d, 0x4b830057, 0x03000328, 0x170b0311, 0x4182012b, 0xbe720136, 0x2efad205,
    0xffffd205, 0x0000caff, 0x76075c02, 0x15002602, 0x07244282, 0xb6fe1a01, 0x210db341, 0x8782ffff, 0x72010024, 0x23878a07, 0xfff80023,
    0x13fb4175, 0x8a190221, 0x00f72223, 0x21238f1c, 0x6b82d2ff, 0x23895420, 0xff1c0123, 0x27238d6c, 0x64000100, 0xdd03ecff, 0x112fc382,
    0x28402b00, 0x02030100, 0x80020103, 0x43030300, 0x61210588, 0x07c04104, 0x0d0e3908, 0x0405080a, 0x11011100, 0x2b160b05, 0x35262205,
    0x14153335, 0x36323316, 0x11331135, 0x21020614, 0x8cbef8c5, 0xbe8c7273, 0xd6e814f7, 0x8f885050, 0x2804888f, 0xe8d6d8fb, 0x21062941,
    0x65822705, 0x26000f24, 0x4a822340, 0x02040426, 0x014c0100, 0x56315c82, 0x0203044d, 0x02570202, 0x0000004e, 0x120f000f, 0x22608216,
    0x82332b19, 0x03300854, 0x01373636, 0x23010133, 0xb4110701, 0x7f3e03be, 0xf9bd0144, 0x5b02a6fd, 0xd703fee1, 0x02fed205, 0x9451eefe,
    0xfde1014a, 0x02b3fc7b, 0x17fee3cc, 0x04216986, 0x24698224, 0x401f0005, 0x05bc451c, 0x02010125, 0x87010360, 0x00052763, 0x04111105,
    0x6284180b, 0xb415212a, 0x05b202be, 0xa8d6fad2, 0x21052542, 0x3b828606, 0x27001e28, 0x111a2440, 0xa4890306, 0x03040523, 0x26418703,
    0x181e001e, 0x43111811, 0x01230629, 0x83171616, 0x112129a8, 0x36341123, 0x07060637, 0x4708b082, 0x16272626, 0xb4111516, 0x6f010e01,
    0x1a1b3e15, 0x6a01163e, 0x04bb0f01, 0x1a532903, 0xfea5b3fe, 0x2c5119ae, 0xd2050502, 0xc23654fc, 0x38c3585b, 0x2efaac03, 0xee525303,
    0x42f28074, 0x5303adfc, 0x6a83ef3f, 0xadfc56f1, 0x0521d186, 0x27958253, 0x40240016, 0x02061221, 0x22143941, 0x82160016, 0x0b052292,
    0x83d68319, 0x26262992, 0x11331135, 0x022e0123, 0xe0318985, 0x5f1e5e02, 0xbe040933, 0x22e4fde2, 0x063a5243, 0x287d8209, 0x65a33047,
    0x033cb76c, 0x3f7d8292, 0x92703550, 0x36d78f67, 0xffffaefc, 0x0000b400, 0x69075305, 0x1e002602, 0x07010000, 0xff00fa00, 0x300e3942,
    0xff7a0002, 0x05a405ec, 0x000f00e6, 0x402d001f, 0x09f9432a, 0x82010521, 0x073942a3, 0x01101130, 0x10171900, 0x091f111f, 0x010f0007,
    0xf843060f, 0x15122b0d, 0x27040214, 0x35123632, 0x00440234, 0x10033c08, 0xacd5febf, 0xbf2b01ac, 0xab2a01bf, 0xbfd6feab, 0x7f7fd785,
    0xd88685d7, 0x46d87f7f, 0xba38087d, 0xeceda9fe, 0xb0b9a9fe, 0xbe070187, 0x870701c0, 0xbff9fe88, 0x88fafebe, 0x9b84bf82, 0x82760721,
    0x432020bf, 0x00210565, 0x103749b3, 0xe3832385, 0x00232384, 0x480b01fa, 0x7a2610cb, 0xa405d2ff, 0x47850006, 0x01070027, 0x00c20020,
    0x205f8800, 0x2517858a, 0xf8000701, 0x3b927201, 0xa405ec23, 0x22238907, 0x9f1902f7, 0x1c012323, 0x238d6901, 0x36052947, 0xd205ae04,
    0x15000c00, 0x28402b00, 0x01000300, 0x67010302, 0x46040400, 0x052006b1, 0x2307db42, 0x0d0f1315, 0x0c252682, 0x0b062126, 0x0a954818,
    0x11212323, 0x08854811, 0xfe012108, 0x6d6de1ae, 0xbffeaee0, 0x96b13801, 0xcafeb396, 0xd67fd205, 0x80d88585, 0xc202e5fd, 0xaf8485b1,
    0x22087382, 0x0574ff7a, 0x00e605a4, 0x00270013, 0x27424045, 0x03050216, 0x00020f12, 0x004c0205, 0x04050403, 0x82800503, 0x86022125,
    0x75488482, 0x05052307, 0x75486200, 0x24262e08, 0x14151c1e, 0x07091011, 0x13011300, 0x11f34107, 0x23170729, 0x33030627, 0x41363617,
    0x33220bf8, 0xfb413732, 0x798b2a0d, 0x7a81c6c0, 0x549cc6cd, 0x07ff4163, 0x49518622, 0x2c0c0242, 0x62c0fed3, 0x0135adff, 0xf349cde6,
    0x0b0642a7, 0x3b411920, 0x05e82e06, 0x001000d2, 0x40330019, 0x02010930, 0x08b34b04, 0x49006721, 0x062008df, 0x2308b84b, 0x11131719,
    0x10262d82, 0x07211731, 0x4341190b, 0x01072409, 0x41060123, 0x54081147, 0x4e018d87, 0x11cafedc, 0x01bffe12, 0x9797b038, 0x05cafeb2,
    0x85d077d2, 0xfd31dc94, 0x0143029b, 0xeb02befd, 0xa0858398, 0x00010000, 0x04e6ff74, 0x00e605ae, 0x403b0030, 0x05040038, 0x01040501,
    0x02010080, 0x7e020105, 0x03050500, 0x03030061, 0x02004d5c, 0x05bd4902, 0x4e006032, 0x1f210001, 0x17191c1d, 0x03040709, 0x30013000,
    0x33064741, 0x021e3327, 0x36363233, 0x26263435, 0x26262727, 0x36363435, 0x0805cc49, 0x23262663, 0x14150622, 0x17171616, 0x1415031e,
    0x91020606, 0x0de2fef2, 0x996208c3, 0x5ea16557, 0xb4508651, 0xe888c8b4, 0x83e29390, 0xb60dba04, 0x61b09185, 0x3c953685, 0x7f558491,
    0xbbe51af2, 0x42356d54, 0x5a484f78, 0x3333163a, 0xbd7e94be, 0x71b36868, 0x6989776d, 0x0f355f4e, 0x5d381029, 0xc47a688f, 0x21c98272,
    0x374b0062, 0x00072705, 0x041e4021, 0x3b490203, 0x07224509, 0x00072008, 0x11111107, 0x2b190b05, 0x15213513, 0x11231121, 0xfe660462,
    0x2a05be2d, 0xd6faa8a8, 0x82002a05, 0xffb42d45, 0x054005e8, 0x001500d2, 0x03214024, 0x44053d47, 0xfc840738, 0x0c101129, 0x0005060a,
    0x46150115, 0x24250572, 0x33113526, 0x84dd8211, 0x080a83fc, 0x0204062a, 0xf9feb0fb, 0xb05fbe90, 0x5eaf7a7a, 0xfbfe90be, 0x99f08a18,
    0x38fcd703, 0x6060a76b, 0xc8036ba7, 0xf09929fc, 0x00ffff8a, 0x07256d84, 0x0026028a, 0x247c822c, 0x01f80007, 0x0dd1445d, 0xf7222392,
    0x239f0402, 0x011c0123, 0x20239654, 0x236b8776, 0x9e001a01, 0x820de347, 0x074d4efd, 0x21000c26, 0x01061e40, 0x4609d445, 0x0c2b09a9,
    0x11180c00, 0x2b180b04, 0x46330121, 0x21080765, 0x58020133, 0x01c8dcfd, 0x2f47193b, 0x0118472f, 0xe2fdca33, 0x8cfcd205, 0xa4a0df45,
    0x740345db, 0x5b852efa, 0x05ae0732, 0x001d00d2, 0x19244027, 0x0303060e, 0x024c0100, 0x00246382, 0x04054d56, 0x2408ee48, 0x111d001d,
    0x05c74617, 0x13206182, 0x2905c746, 0x16133313, 0x37363617, 0xc6463313, 0x06250805, 0x01030706, 0xc26afeca, 0x142c18ec, 0xf11a2c14,
    0x2932efd8, 0xeb182d13, 0xdd68fec4, 0x251300ff, 0x16221111, 0x3d8282ff, 0x69c6606e, 0x0360c669, 0xbb6efc92, 0x5fc367ce, 0x2efa9203,
    0xa247b003, 0x519f5b62, 0x958250fc, 0x00003924, 0x95823c05, 0x26001928, 0x0f152340, 0x03480108, 0x00193315, 0x121a1219, 0x2b190b05,
    0x33010133, 0x17021e13, 0x8d83023e, 0x3e088e88, 0x16023901, 0xd7dc0bfe, 0x1b2f3a2c, 0x2c3b301a, 0x0bfed7db, 0xfedb1102, 0x254438fb,
    0xfe394624, 0x02fb02f9, 0x40c4fed7, 0x3434535a, 0x01405a53, 0xfc30fd3c, 0x527a01fe, 0x6d47496b, 0x4186fe52, 0x0521051f, 0x2789823a,
    0x4023000e, 0x01070d20, 0x410ae747, 0x0e2a097d, 0x12180e00, 0x2b180b04, 0x7e411121, 0x1124080b, 0xdcfd5802, 0x262701dc, 0x3e1e1e3e,
    0xdb260124, 0x6202dcfd, 0x1ffe7003, 0x48466f3e, 0xe1013b70, 0x9efd90fc, 0x2e06954f, 0x028a073a, 0x00340026, 0x00070100, 0x42c001f7,
    0x87820d27, 0x00007a24, 0x87828e04, 0x2f001529, 0x010c2c40, 0x82010100, 0x4c02228a, 0x4d308200, 0x0323080b, 0x4a01045f, 0x4508079f,
    0x45150015, 0x0b054511, 0x35332b19, 0x37363601, 0x21230606, 0x01152135, 0x36070606, 0x15213336, 0x229a0282, 0x964a264b, 0x04f5fd4a,
    0x2570fd0c, 0x934a294f, 0x860e024a, 0x6632df03, 0xa8020332, 0x3631fc88, 0x0882356d, 0x02002108, 0xe6ff5a00, 0x6c04e003, 0x36002500,
    0x09406200, 0x1415212b, 0x01010404, 0x13b04b4c, 0x18405850, 0x02378b82, 0x02020061, 0x01064d5f, 0x61000404, 0x00020503, 0x4e006000,
    0x891c401b, 0x8200201a, 0x211f8698, 0x1e840105, 0x15405934, 0x00012627, 0x36273626, 0x181a1f20, 0x25001012, 0xb6442501, 0x268b0805,
    0x3e343526, 0x023e3702, 0x26343535, 0x07062223, 0x33023e27, 0x15021e32, 0x23352311, 0x3227020e, 0x35353636, 0x0e07030e, 0x16141502,
    0xad6ad701, 0x9a7f4c66, 0x3d7e644e, 0x88797476, 0x922bad1a, 0x8f3856b0, 0x0cb15785, 0x40865413, 0x0b488a64, 0x1a595f4a, 0x83447141,
    0x6e9a501a, 0x22457860, 0x220e0d0a, 0x73680629, 0x66393b69, 0x501b3073, 0x1ffd839d, 0x38532798, 0x447d4e9f, 0x10150d9b, 0x2708030b,
    0x5957404b, 0x85ffff00, 0x16062cfd, 0x37002602, 0x07000000, 0x8201f700, 0x24179107, 0x87001c01, 0x202f8900, 0x232f8602, 0xd11a0106,
    0xf8224593, 0x2d8a9000, 0x2d869c20, 0x1d010724, 0x1789fd00, 0x86f50521, 0x00062617, 0x000029fa, 0x088b8303, 0x04f30639, 0x0034006c,
    0x00490041, 0x1a514054, 0x01031112, 0x2a2b3102, 0x02050603, 0x01010a4c, 0x06050108, 0x0b670501, 0x03020201, 0x03010461, 0x094d5f03,
    0x00060601, 0x410c0761, 0x21080595, 0x45470001, 0x3c3e4243, 0x2d2f3537, 0x23242628, 0x15171c1e, 0x080a0d0f, 0x34013400, 0x2b160b0d,
    0x7d412205, 0x33332105, 0x080b7b41, 0x17161621, 0x32333636, 0x1515021e, 0x33161621, 0x17373632, 0x22230606, 0x020e2726, 0x06222313,
    0x83141506, 0x35362514, 0x26262137, 0x012d0f83, 0x66ae6ad8, 0x52a88c56, 0x787474f4, 0x05924189, 0x87393808, 0xb73c287b, 0x8cac597c,
    0x07d7fc53, 0x8f6493bb, 0xed27af20, 0x37d992ae, 0xf4ad801a, 0x53874ff2, 0x89646483, 0x6f02a147, 0x6088a201, 0x501a508e, 0x80606e9a,
    0x4169214b, 0x2b0808a7, 0x62574f4f, 0x9bd6833b, 0x57bbaf4b, 0xa07f2d55, 0x623c6274, 0x290c023a, 0x59574054, 0xf6447d4e, 0x935ab68c,
    0x9e000200, 0x7e04e8ff, 0x3605054b, 0x0ab57c00, 0x01060101, 0x15b04b4c, 0x25405850, 0x05060100, 0x4c050106, 0x063006b5, 0x00610406,
    0x4d5f0404, 0x05050108, 0x07026100, 0x22052241, 0x9629401b, 0x02002327, 0x2c865702, 0xc5420720, 0x18193707, 0x20000117, 0x1824171e,
    0x090e1024, 0x05060708, 0x01160004, 0x4b410916, 0x23273306, 0x33112315, 0x023e3311, 0x12163233, 0x06021415, 0x8f473227, 0x23410805,
    0x14150622, 0x6aa50216, 0x14134682, 0x130eb4ae, 0x8c6d8044, 0xd57879d5, 0x478d69a7, 0x9a6a8d46, 0x4918a2a0, 0x05ad1f5d, 0x1ed9fdd2,
    0xfe8c485b, 0xfeb2b1fd, 0x71a18efc, 0xbb7475bf, 0xbbb9e46e, 0x21eb83ea, 0xeb885efe, 0x3f404229, 0x0402040a, 0x824c0105, 0x4d5623a7,
    0x28480500, 0x4d5f2305, 0xe7510107, 0x4d602707, 0x5b010100, 0xb38f4e01, 0x674fb183, 0x26262405, 0xa2112327, 0xb40e21b1, 0xfd23b198,
    0x987407b1, 0x010036b2, 0xe8ff6800, 0x6c042e04, 0x31001d00, 0x1a1b2e40, 0x03040b0c, 0x21b38402, 0x9d826101, 0x004d5f27, 0x61000303,
    0x055f4104, 0x1800012c, 0x090e1016, 0x011d0007, 0x5241051d, 0x35022905, 0x33361234, 0x07171632, 0x20056b42, 0x05e64715, 0x17373e08,
    0x65020606, 0x8080e598, 0xf5a298e5, 0x9119ad2e, 0x4690706e, 0x71709046, 0x2dac1993, 0x019018f8, 0x01afac04, 0x92a39005, 0x756f5631,
    0xbd6e70be, 0x315b7374, 0xff00a995, 0xfe6800ff, 0x2b91835e, 0x41002602, 0x07000000, 0x5b011e01, 0x02200782, 0x4820a984, 0x22084942,
    0x4204010c, 0x04260a49, 0x04060506, 0x6a418005, 0x06062105, 0x4942bb86, 0x42032005, 0x27950a49, 0x4942e382, 0x1c1e2a15, 0x24182417,
    0x10111213, 0x42f6830f, 0xf6870949, 0x33171624, 0x08453311, 0x05a44308, 0x15064108, 0x02161614, 0x78d68b41, 0x6d8bd679, 0x0e124580,
    0x1214aeb4, 0x98508147, 0x6a9b9fa2, 0x8e47468d, 0x04018e18, 0x0301b1b2, 0x1e5b488c, 0x2efa2702, 0x495d1fad, 0xb9bbeaa1, 0x74bb6ee4,
    0x0071bf75, 0x462feb85, 0x18006c04, 0x3b002000, 0x15163840, 0x4b020302, 0x03260500, 0x00670204, 0x9d410505, 0x4106200b, 0x1e25079d,
    0x13191a1c, 0x22aa8411, 0x45180118, 0xaa8606be, 0x200d2d44, 0x061a4401, 0x74022908, 0x7c7feba2, 0xad5998e3, 0xd8fc548d, 0x6395bb07,
    0x27ae1f8f, 0x02fffded, 0x8a990d70, 0x18508b60, 0xac020190, 0x940601ac, 0x3e08ea43, 0x029d7f30, 0x5ab38fa2, 0xffff0092, 0xe8ff6800,
    0x02064604, 0x44002602, 0x06000000, 0x89fe1a01, 0x86162015, 0x00072515, 0x00bd00f8, 0xf7221793, 0x17936401, 0x001c0123, 0x084d82b4,
    0x14000147, 0xd6020000, 0x18001806, 0x0a406100, 0x04050110, 0x05030111, 0xb04b4c02, 0x40585020, 0x0505001d, 0x04006104, 0x024d5e04,
    0x03000001, 0x0206075f, 0x4d590303, 0x57010100, 0x401b4e01, 0x0004001b, 0x05040305, 0x221d9269, 0x820f4059, 0x22588260, 0x82112425,
    0x0b082c00, 0x15012b1c, 0x11231121, 0x4b333523, 0xd0420695, 0x15280806, 0xfea60215, 0xdcdcb4fe, 0x4051925b, 0x0e321454, 0x4c53262d,
    0xfc9a5e04, 0x9ac4033c, 0x42826195, 0x059a0915, 0x6d51550c, 0x0039aa82, 0x0446fe68, 0x006c044a, 0x00310024, 0x1d0c407d, 0x0605020c,
    0x01020304, 0x20b38302, 0x23b38224, 0x06060022, 0x29070946, 0x05050108, 0x02006102, 0xb2835702, 0x07610022, 0x6121c482, 0x25b88200,
    0x04040026, 0x29844d59, 0x03030022, 0x92050f45, 0x40592c28, 0x01252619, 0x252a2c00, 0x47312631, 0x093a05b4, 0x01240007, 0x160b0924,
    0x2622012b, 0x021e3727, 0x35363233, 0x020e2335, 0x6d4c2223, 0x3533240a, 0x82141133, 0x211b8287, 0x2f462634, 0x02660806, 0x34deba63,
    0x79471892, 0x11ad8662, 0x6c814513, 0x7a7cd686, 0x816c8bd7, 0xaf111346, 0x988ddd82, 0x6a9b9fa2, 0xfea2478e, 0x5e5c8846, 0x80374e20,
    0x5820e08a, 0xaff47f43, 0x478cffad, 0xfbb31e5c, 0x56b79085, 0xb7cf6c02, 0xb66de1b2, 0x00daac70, 0x9e000100, 0x1d040000, 0x1300d205,
    0x24402700, 0x04000105, 0x28564c01, 0x04042105, 0x5f22ce84, 0x2d56034d, 0x13233405, 0x05111123, 0x012b1b0b, 0x33112311, 0x33363611,
    0x82151632, 0x089d840a, 0xb4520124, 0x6eab37b4, 0x87b5d1aa, 0x02a17975, 0x0562fd9e, 0x70cafdd2, 0xfdd4d260, 0x81b7023a, 0xffff9d92,
    0x6e827c00, 0x0306772d, 0x4d002602, 0x06000000, 0x82021b01, 0x2f7f8310, 0x5e045201, 0x19000300, 0x00001640, 0x024d5900, 0x82070958,
    0x05e55313, 0x6f823320, 0x04b49e30, 0x00a2fb5e, 0xb0ffffff, 0x42020000, 0x47860206, 0x1a010725, 0x83009cfe, 0x82f12017, 0x0652224e,
    0x23178716, 0x5bfff800, 0x61841783, 0x1788ff20, 0xf7000623, 0x202d8302, 0x204582b8, 0x2415883a, 0xff1c0107, 0x267d8252, 0xfee6ff01,
    0x8253015e, 0x880a208f, 0x0200248f, 0x46620102, 0x21390503, 0x0b031023, 0x33132b19, 0x23061611, 0x32333523, 0x01b59d35, 0x2124a3a6,
    0x269c8296, 0xa6b2a052, 0x84ffffac, 0x84762041, 0x825183e7, 0x860120e7, 0x48043ce7, 0x0c00d205, 0x32403500, 0x02010107, 0x03020a0b,
    0x004c0201, 0x02030201, 0x82800301, 0x4d56217c, 0x59206a82, 0x250b434c, 0x120c000c, 0x0b531111, 0x11332206, 0x07af5333, 0x16b49e3c,
    0xfedfde01, 0xe7f7012c, 0x057667fe, 0x019ffcd2, 0xfd20feed, 0x6f0b0282, 0x554164fe, 0x233b5508, 0x05b45222, 0x25063b55, 0x00009e00,
    0x3382e002, 0x55002622, 0x07264282, 0x3201a300, 0x5b576f02, 0x6f022405, 0x862b35b0, 0x64063657, 0x23007204, 0x09b65600, 0x04030203,
    0xb04b4c01, 0x40585019, 0x05c84a16, 0x02010233, 0x4d590000, 0x03050708, 0x03570303, 0x1a401b4e, 0x83108300, 0x6101261d, 0x01010102,
    0x221c895f, 0x82104059, 0x00232d1c, 0x23132323, 0x11232414, 0x2b1d0b09, 0x1724e482, 0x32333636, 0x20053c49, 0x09614216, 0x08086a42,
    0x9e111538, 0xad2901af, 0x1e916e63, 0x6179bf28, 0x88b45fa0, 0xb482715a, 0x98625f7c, 0x71cd5e04, 0x6a677d70, 0x82aa547a, 0xed020efd,
    0x6a8a6879, 0xff0226fd, 0x8688725d, 0xbf8640fd, 0x041c0428, 0x0013006c, 0xec42b544, 0xb04b2205, 0x23be8224, 0x04040012, 0x59209f85,
    0x2707ef42, 0x0016401b, 0x4d590101, 0x08431982, 0xb759210d, 0x850d0a43, 0x2a9f88af, 0xadb45201, 0x71af3601, 0x43b4d0aa, 0x0424070b,
    0x6677cf5e, 0x34080a43, 0x00ffff00, 0x0400009e, 0x02f5051c, 0x00580026, 0x00060000, 0x460682fa, 0x6420054f, 0xf3539d82, 0x4d5f210e,
    0x2209f353, 0x534e0060, 0x262015f3, 0x49064146, 0xe8461030, 0x06e54705, 0x80e69930, 0x7199e680, 0x92464692, 0x46907071, 0xe3479046,
    0xfe902e08, 0xfeacaffb, 0x74a190fc, 0xbf6f6ebd, 0x05ed4775, 0x6826a982, 0x6404e8ff, 0xa9820206, 0xa9835a20, 0x081a0122, 0x20072346,
    0x84bf8464, 0xfa002215, 0x26158360, 0x04d3ff53, 0x888b0477, 0x0121212b, 0x06212b88, 0x24158616, 0x00f80007, 0x084f46c7, 0x178a6420,
    0x6e01f722, 0x01231793, 0x82be001c, 0x00023579, 0x045efe9e, 0x006c047e, 0x00240016, 0x0114b578, 0x4c010105, 0x4a05bd41, 0x062c09a3,
    0x02610006, 0x59000001, 0x0501084d, 0x2805cb49, 0x01074d60, 0x045b0404, 0x0ba34a4e, 0x00222183, 0xd8410606, 0x252b9106, 0x18154059,
    0xa34a0017, 0x2c718206, 0x11232616, 0x1a0b0911, 0x3311132b, 0x0a984a15, 0x26222327, 0x11232726, 0x0c9f4a01, 0x14ae9e22, 0x2708984a,
    0x46826a8c, 0x38010e13, 0x24089f4a, 0x00065efe, 0x0a9b4ab3, 0x1f5d4926, 0x2b02b1fd, 0x200ca14a, 0x20e98268, 0x25e98648, 0x0102b571,
    0xe9870305, 0x03002428, 0x03060506, 0xbc848005, 0x02010424, 0xde825f02, 0x0105052d, 0x01010061, 0x00004d60, 0x82005b00, 0x882820e8,
    0x06a44626, 0x0721e886, 0x242a8e01, 0x18104059, 0x053f4917, 0x2613112b, 0x0b081025, 0x23012b1b, 0x058c4611, 0x210a3e49, 0xe2823335,
    0x270a3849, 0x0eb44804, 0x6b814712, 0x23093e49, 0x14feae14, 0x26083a49, 0x4f025efe, 0x49495d1f, 0xb3220a40, 0x3a492bfc, 0x0577460a,
    0x04d5022d, 0x0012006e, 0x030bb64a, 0x83020302, 0x502230e2, 0x00124058, 0x61000202, 0x00000101, 0x4f044d59, 0x1b20059c, 0x82061946,
    0x20e88419, 0x2218875f, 0x820c4059, 0x00122ef2, 0x11342412, 0x2b190b05, 0x15331133, 0x053e4433, 0x26152408, 0x06222326, 0xae9e1115,
    0x649f1f0c, 0x08103714, 0x9e792440, 0x55ac5e04, 0xb5010267, 0x71930802, 0x820044fd, 0xff6c3087, 0x04d303e8, 0x0027006c, 0x172e4031,
    0x82030416, 0x4c012473, 0x41030300, 0x00200632, 0x594b8982, 0x191b2909, 0x06081214, 0x27012700, 0x2b06594b, 0x16163727, 0x35363233,
    0x24272734, 0x080e9348, 0x1716144c, 0x15161617, 0x02060614, 0x1ee4ac1a, 0x648518ab, 0xbaa48b75, 0xbb6cd4fe, 0x26bfad77, 0x6c6b17a3,
    0x625a8564, 0x6f9298a9, 0x919618c7, 0x64565c29, 0x2c277345, 0x9360ea47, 0x2a769753, 0x465c623c, 0x28174b3e, 0x62739724, 0xa9825899,
    0x0000b42d, 0xe6057a04, 0x37002b00, 0x5f0c3440, 0x69370b4b, 0x00050500, 0x00000061, 0x02004d5c, 0x075f0102, 0x01010206, 0x824e0157,
    0x002b3211, 0x2421252b, 0x08242d21, 0x332b1c0b, 0x36363411, 0x054c5f33, 0x85150721, 0x2323229b, 0x20bf8435, 0x82088526, 0x053741c9,
    0x6fb43e08, 0xc77e80c5, 0x916b7f74, 0x84c56cb2, 0x8b74a5a5, 0x5b81839a, 0x88396948, 0x04937076, 0x61b57d53, 0x7c78ac5d, 0x0e0e25af,
    0xba769ac5, 0x6b8aa76a, 0x49aa9271, 0x8f674275, 0xb0fb6a85, 0x3daf8200, 0x02f2ff14, 0x00680575, 0x40390017, 0x01010936, 0x02010a00,
    0x004c0201, 0x85050405, 0xcc820103, 0x042da783, 0x004d5904, 0x62020101, 0x5d020200, 0x28b18302, 0x11170017, 0x13261311, 0x05ef4911,
    0x14112322, 0x210a3c4f, 0xae821135, 0x33112808, 0xe6560211, 0x3511473d, 0x471c2516, 0xa8a29123, 0x5e04b4a8, 0x4b5efd9a, 0x98040845,
    0x89990a0a, 0x019ab002, 0x83f6fe0a, 0xff9e2c85, 0x041d04f2, 0x0013005e, 0x8211b550, 0x07494380, 0x01031324, 0x7b820101, 0x0002022e,
    0x02050461, 0x005d0000, 0x17401b4e, 0x04231586, 0x824d5704, 0x61002291, 0x05a15b05, 0x11405927, 0x0f100001, 0x05a65b0e, 0x13011322,
    0x55056859, 0xa65b0632, 0x23260806, 0x02060635, 0xb4d2a919, 0xa1787588, 0xb137aeb5, 0x02d4d20e, 0x8149fdc6, 0x028f9d92, 0xd1a2fb9e,
    0xff00657a, 0x918400ff, 0x0202062b, 0x00670026, 0x01060000, 0x2605821a, 0xfe9e0001, 0x82a6045e, 0x001c3da7, 0x29b04b9e, 0x1bb65850,
    0x00010214, 0x401b4c01, 0x0301140a, 0x01011b00, 0x594c0203, 0x2005544b, 0x2a198219, 0x034d5900, 0x04010101, 0x83010562, 0x010727ac,
    0x065b0606, 0x3b841b4e, 0x8b234021, 0x83002020, 0x01032a1f, 0x62050101, 0x5d050500, 0x212a874d, 0x25852140, 0x03030024, 0x24846204,
    0x23820020, 0x238b6120, 0x824b5920, 0x001c2f05, 0x2321241c, 0x08112313, 0x132b1c0b, 0x92413311, 0x052e5605, 0x33333908, 0x27222315,
    0x2223020e, 0x9e112726, 0x72719eb4, 0x3c30b496, 0x2be1241d, 0x2d6b611d, 0xfe2f9f40, 0xfd00065e, 0x8d8c9d5a, 0xfca6029c, 0x9b2b379f,
    0x205048a8, 0xc7fd6146, 0x20090b41, 0x060b4116, 0xf8000725, 0x9300bf00, 0x01f72217, 0x30179366, 0xb6001c01, 0x01000000, 0x00003600,
    0x5e044904, 0x0eef5500, 0x544d5921, 0xef550971, 0x088d550b, 0xe101013e, 0xeec555fe, 0x13132a1a, 0xc5ee1a29, 0x5e0455fe, 0x914969fd,
    0x49914646, 0xa2fb9702, 0x46245982, 0x46060000, 0x1e265982, 0x24402700, 0xed550f1a, 0x0ca9490a, 0x1e001e24, 0xed551811, 0x08ee5513,
    0x9d640320, 0x03440805, 0xadfe9901, 0x381888bf, 0x1a351b1b, 0x1884c086, 0x371c1a35, 0xfebf8819, 0x1c91b3ad, 0x35191a33, 0x5e04911b,
    0xd95718fe, 0x5dd88085, 0x18fee801, 0x8081d75a, 0xe8015bd7, 0xfa01a2fb, 0x6b6bcc60, 0x06fe5ece, 0x41209782, 0x1d20f182, 0x17289782,
    0x23402600, 0x01070d13, 0x2008ef55, 0x0bf35d59, 0x17001724, 0xef551812, 0x16172108, 0x37258e84, 0x23010133, 0x088f8527, 0x01410734,
    0xd28efe89, 0x1d3d268b, 0x8e27381b, 0x018afece, 0x25a4d188, 0x361a1c3a, 0x3e02a626, 0x3cd92002, 0x6b33336b, 0xd6fdd93c, 0x39fbccfd,
    0x672f2f67, 0x7f82fb39, 0x56fe3624, 0x7f844904, 0x1b401e26, 0x0001060c, 0x00357f8a, 0x02610202, 0x1718234e, 0x2b190b03, 0x16173713,
    0x01373736, 0x09744133, 0x06063b08, 0x8c262223, 0x7853132e, 0x55fe2029, 0x291aeec5, 0x1a291313, 0x15fec4f0, 0x3077a433, 0x9c6bfe46,
    0x78391605, 0xfd64045d, 0x46904969, 0x02499046, 0x85fbfa97, 0xff000e7e, 0x778400ff, 0x0202062c, 0x00700026, 0x01060000, 0x1589e31a,
    0x15861620, 0xf7000724, 0x1d824901, 0x7e000126, 0xed030000, 0x0b25a582, 0x2c402f00, 0x10035607, 0x004d5924, 0x03560202, 0x000b260b,
    0x2211220b, 0x05035605, 0x21352b08, 0x01152135, 0x7e152115, 0xa1fd7302, 0x9ffd4703, 0x03867502, 0x8fa70b26, 0xa70be3fc, 0xa8000200,
    0x72040000, 0x0e00d205, 0xf9601700, 0x04052c06, 0x00670501, 0x03020004, 0x82670204, 0x4d563581, 0x57030300, 0x21244e03, 0x10212611,
    0x2b1c0b06, 0x05113313, 0x3a058145, 0x11212306, 0x32211323, 0x26343536, 0xc0a82123, 0xdca01b01, 0xa0dc7373, 0x82c0e5fe, 0xa299380b,
    0xe5fe99a2, 0xcffed205, 0x76c27501, 0xfe74c377, 0x89eb01bb, 0x50907b7b, 0x2a080677, 0x002d0641, 0x00330023, 0x14334036, 0x01030201,
    0x1f22234c, 0x191a1b1e, 0x01090118, 0x0001004a, 0x03010203, 0x02010469, 0x82610002, 0x00603287, 0x2d24254e, 0x2533242b, 0x05272633,
    0x012b180b, 0x05284a07, 0x200d734e, 0x211c8226, 0x05823727, 0x16163724, 0xd5483717, 0x069c080a, 0x16161415, 0x8bcac703, 0x94dd7bb9,
    0x7879de96, 0x7d547ccb, 0x20101856, 0xfafe697b, 0x632bd12f, 0x89444938, 0xbffef841, 0x41488c68, 0x8b69708b, 0x058b4045, 0xfe8e6287,
    0xffb4f07d, 0xf28a8800, 0x88f19e9c, 0x582b553a, 0x6e7f62cb, 0x1c3e2065, 0x3659217d, 0x6293fa78, 0xb65e66a6, 0x67b06b79, 0x006bac62,
    0x74000300, 0xae0426ff, 0x2800ac06, 0x39003100, 0x4c404f00, 0x02030111, 0x04021c33, 0x1d303203, 0x04010409, 0x00020829, 0x004c0401,
    0x85020302, 0x01030400, 0x80010403, 0x012ded83, 0x01077e00, 0x86060006, 0x5c030300, 0x06b5454d, 0x00000031, 0x1d280028, 0x121d1113,
    0x1c0b0811, 0x8235052b, 0x823320da, 0x271121da, 0x2705694f, 0x15333537, 0x2317021e, 0x11201682, 0x2206d35b, 0x54111507, 0x2724056b,
    0x06112723, 0x8808f784, 0xfdd85502, 0xa40ac30c, 0xc8b43b70, 0x787ec673, 0x0476cd86, 0x71970bba, 0x84913c3b, 0x99d77155, 0x8651a781,
    0x74780150, 0xda76528a, 0xb0df0fc2, 0x020c7770, 0xbe33111a, 0x6db27394, 0x09c7ca0d, 0x626aad6b, 0x07fe0b74, 0x5d381010, 0xbb73688f,
    0x01c20a76, 0x6b8d0e6d, 0x163a5a48, 0x10d601d9, 0x5b475c82, 0x02000037, 0x00006800, 0xd2052e04, 0x25001c00, 0x27402a00, 0x181b1d1e,
    0x10131417, 0x01090c0f, 0x0100010c, 0x20cf824c, 0x0a1e4f56, 0x1c001c2f, 0x170b031a, 0x2e35212b, 0x36343502, 0x82cd8336, 0x830720dc,
    0x080d82cd, 0x06061754, 0x11031507, 0x1415020e, 0x1f021616, 0x6d6dc585, 0x917685c5, 0x16ad2ada, 0x7a5d5b77, 0xdb2aac16, 0x72577694,
    0xaa723737, 0x9ff69611, 0x1196f8a1, 0xa00caaac, 0x694d3187, 0x0cc4fc0c, 0x8a31516e, 0x01a80ca6, 0x1234034e, 0x6263ae79, 0x010078ac,
    0xa1821e00, 0xa1824a20, 0x3e001926, 0x01013b40, 0x093b9483, 0x01080101, 0x02010302, 0x03010768, 0x05040106, 0x0b670403, 0x0000020a,
    0x65004d56, 0x192607e6, 0x17181900, 0x00821121, 0x1111122a, 0x1f0b0c13, 0x3301132b, 0x15230183, 0x5c150721, 0x212405c1, 0x27352135,
    0x34080482, 0x4201ef01, 0xd2430104, 0xfefe8efe, 0x440103bf, 0xfebdbcfe, 0x034601ba, 0x0001bdfe, 0xd2058ffe, 0xc4023cfd, 0x068816fd,
    0xc0fe8892, 0x92884001, 0xea028806, 0x20998200, 0x0899826e, 0xe6057320, 0x79002900, 0x021011b6, 0x4c010402, 0x5011b04b, 0x00284058,
    0x00000108, 0x01057208, 0xaa820602, 0x6701022d, 0x03040400, 0x03030061, 0x82074d5c, 0x60092b19, 0x0909010a, 0x1b4e0957, 0x2a832940,
    0x00080123, 0x2d2ba080, 0x00124059, 0x00290000, 0x11241328, 0x03822513, 0x820b1121, 0x35332cd4, 0x03273632, 0x27333523, 0x55363626,
    0x1721096e, 0x08e28217, 0x0616135a, 0x36322107, 0x15333535, 0x6e230614, 0x09034d59, 0x0407959a, 0xaa8ece6d, 0x13ad1aed, 0x888f6b85,
    0xe3010704, 0x030922fe, 0x3102364c, 0x7da9262e, 0x6166a786, 0xe6963001, 0xcb79d083, 0x7e6b1ca9, 0x96eb7aa6, 0x6251d7fe, 0x3e2d271b,
    0x0085852f, 0x7a000200, 0x9204ecff, 0x0b23f582, 0x62001700, 0x0d2f1925, 0x1300010c, 0x0d170c11, 0x00050717, 0x480b010b, 0x002505bc,
    0x33001011, 0x08058332, 0x12322746, 0x23021011, 0x10110222, 0xf9860212, 0x1501edfe, 0x1401f8f7, 0xa4faeefe, 0xa3a4b1b1, 0x0114b2b2,
    0x016c0190, 0xfe94016a, 0xfe96fe6c, 0xa670fe94, 0x1b013b01, 0x3c011d01, 0xe4fec3fe, 0xc5fee5fe, 0x60000100, 0x8d309082, 0x0700d205,
    0x1e402100, 0x03030506, 0x4c010100, 0x220eb765, 0x65070007, 0x233608b7, 0x02253501, 0xfe0abb8d, 0x05440198, 0x052efad2, 0xccf5fe22,
    0x498200ef, 0x00009a24, 0xd5824f04, 0x34001d2a, 0x01013140, 0x4c010304, 0x4f821582, 0x00800322, 0x612a6482, 0x5c020200, 0x0303004d,
    0x60675f04, 0x001d3709, 0x1223281d, 0x1a0b0628, 0x0135332b, 0x3435023e, 0x06222326, 0xf14a2315, 0x06360809, 0x21150107, 0xef019a15,
    0xa1386e53, 0xb6977f77, 0x8585d27a, 0x923a75cd, 0x02bafe84, 0x190289af, 0x457b885a, 0x7e988875, 0x6f6fc884, 0x995175bc, 0xa5fe8cc2,
    0x7982a70c, 0xecff7d24, 0x8f827704, 0x4e002e25, 0x4b274b40, 0x06260579, 0x06050405, 0xd3658004, 0x00042208, 0x28a88203, 0x05050069,
    0x07006107, 0x249f8207, 0x61000202, 0x053e4a08, 0x21000133, 0x181b1c1f, 0x0f101216, 0x0507090d, 0x012e0004, 0x08ed582e, 0x16163323,
    0x05044633, 0x26088a4b, 0x07060622, 0x4b023e23, 0x55080eaa, 0xe2927b02, 0x08c00585, 0xb78c7fb4, 0x7979a6b4, 0x7a90a383, 0x0355854c,
    0xd98404b7, 0x6cc98b83, 0x9e8f7285, 0x6414e684, 0x7b6a76b2, 0x99797490, 0x6f738ba5, 0x49663786, 0x7064b275, 0xb07e6ab6, 0xc1170c22,
    0x6fc07a8d, 0x78000200, 0xb5040000, 0x0a00d205, 0x4d4c0f00, 0x00013305, 0x01020101, 0x05074c02, 0x04060102, 0x01030202, 0xbf466802,
    0x0b0b270a, 0x0f0b0000, 0x30820e0b, 0x110a3d08, 0x08121111, 0x132b1a0b, 0x11330135, 0x11231533, 0x11371123, 0x78150123, 0xcae78c02,
    0x0c01b6ca, 0x2f0119fe, 0xfc08049b, 0xd1fea704, 0x03a72f01, 0x0cfefc0e, 0x80000100, 0x4504ecff, 0x242f7382, 0x46404900, 0x06030119,
    0x01021314, 0x414c0203, 0x062f0842, 0x06010300, 0x05006903, 0x005f0405, 0x4b560404, 0xe4680581, 0x1c1e2f08, 0x15161718, 0x07090f11,
    0x24000405, 0x7c592401, 0x05404108, 0x34353623, 0x05f95c26, 0x15211324, 0x064e0321, 0x057e4d05, 0x83543e08, 0xb8057cd0, 0x5a70a309,
    0x9154508d, 0x2c8e455e, 0x100358b2, 0x083390fd, 0x894d8c2e, 0xe0817bd6, 0x72b36714, 0x94548164, 0x5798605e, 0x0216222c, 0x4dfea7e2,
    0xe2813126, 0x81e08f90, 0x06674300, 0xe6057c26, 0x2e001e00, 0x1335bd83, 0x01060501, 0x0302004c, 0x04020304, 0x00040080, 0x06040506,
    0x09a36569, 0x8605d258, 0x1f202bb9, 0x26280001, 0x2e202e1f, 0xa2691618, 0x011e2206, 0x07fe411e, 0x10350223, 0x095e6200, 0x8a110221,
    0x0af55ab7, 0x08058746, 0xba5d8661, 0x26015c99, 0x7ec67dfd, 0x8c19ba12, 0x0cc3ac74, 0x8074bf3c, 0xe27c7fd4, 0x54905a98, 0x5a5a8e51,
    0x90525692, 0x01a04414, 0x8901ce12, 0xb264ad01, 0xfe826175, 0x5df3fed7, 0x90df7e69, 0xa787e38b, 0x5b5d975a, 0x975c5895, 0x5d975857,
    0x62000100, 0x25040000, 0x0700d205, 0x22402500, 0x46020106, 0x01250564, 0x0101005f, 0x0a3b4b56, 0x0700072a, 0x0b042111, 0x01332b18,
    0x08051449, 0x9602c836, 0xc30304fd, 0x1f056bfd, 0xfab1a70c, 0x030000df, 0xecff7a00, 0xe6057904, 0x2c001f00, 0x45003800, 0x08174240,
    0x01040302, 0x0401084c, 0x04020300, 0x05006903, 0x2405a750, 0x01074d5c, 0x06876302, 0x4e005d3a, 0x20212d2e, 0x32340001, 0x382e382d,
    0x2c202628, 0x0f112c21, 0x1f011f00, 0x46072141, 0x1a5705da, 0x14152209, 0x07086e06, 0x41322721, 0x152307f5, 0x84131614, 0x5c23200c,
    0x57080522, 0x81e79779, 0x6d53844c, 0x85ce7680, 0x8177ce83, 0x4e84516a, 0x9496e783, 0x5c9254ae, 0x97adb78d, 0x7a969a76, 0x1498957c,
    0x5e79bc6b, 0x080f6ca1, 0x7276ba1c, 0xb36767b3, 0x1cba7672, 0xa16c0f08, 0x6bbc795e, 0x53768fa5, 0x7c9f497f, 0xbf028f76, 0x8670718b,
    0x8b717086, 0x20080b42, 0x070b42e9, 0x0b420b20, 0x69012005, 0x082605db, 0x03000501, 0xec820501, 0x4406295d, 0x0b420608, 0x0e102612,
    0x04050709, 0x0a0b4200, 0x1633272a, 0x12323316, 0x06062311, 0x28079749, 0x12021e17, 0x03001015, 0x08005d32, 0x08050a42, 0xc67f5b63,
    0x17bc127e, 0xc5aa768c, 0x75be3c0c, 0x7e7fd680, 0xb85c99e3, 0xdcfe5c98, 0x57925bed, 0x5a5c8f53, 0x8c51548f, 0x77b46414, 0x29018463,
    0x6c5b0f01, 0x8b8fdf7f, 0x010387e5, 0xf0fe9e45, 0xfe75fece, 0x5dbf0253, 0x95565798, 0x5c97595d, 0x0058955b, 0xff680003, 0x050705ec,
    0x002300e0, 0x003b002d, 0x05d95591, 0x16251133, 0x05020308, 0x0402171e, 0x00012102, 0x1b4c0304, 0x20138d40, 0x20138203, 0x202c8559,
    0x09e34123, 0x0202002e, 0x06036100, 0x5d000002, 0x0404004d, 0x00240b87, 0x20401b4e, 0x0325258c, 0x0303005f, 0x0c586f57, 0x13405932,
    0x35370001, 0x1f202b2d, 0x0d0f1a1b, 0x23012300, 0x2609e660, 0x26373636, 0x50343526, 0x073108c8, 0x35363601, 0x07061433, 0x06272317,
    0x07011306, 0x055b5f06, 0x46370321, 0x80080805, 0x44021614, 0x4c73d693, 0x5f4e5585, 0xa270a6c7, 0x6c576f58, 0x201d3f01, 0xd02b4dad,
    0xd34a67d9, 0x33a0feb1, 0x7c9a4b5c, 0x1b61c2a5, 0x515f2d40, 0x14496855, 0x5f73b96d, 0x5e3f778b, 0xbd9466a6, 0x67599157, 0xfe50419d,
    0x4c87387d, 0xfc37c39c, 0x0147497c, 0x26a60111, 0x6e457544, 0x48030388, 0x344e3814, 0x50655c47, 0x02007943, 0xf3ffa000, 0xd205ad01,
    0x0f000300, 0x29402c00, 0x01010104, 0x06e87000, 0x02030334, 0x02010561, 0x4e025d02, 0x00000405, 0x0f04090b, 0x28820f05, 0x0611032b,
    0x132b170b, 0x03033303, 0x38da8622, 0xcc061415, 0x580dcc0c, 0x384f4f38, 0x014e4e38, 0xfcf303df, 0x4f14fe0d, 0x21108337, 0x67834f37,
    0x0197fe25, 0x847604ad, 0x40292567, 0x04000026, 0x01216882, 0x255f8363, 0x03006103, 0x64955f03, 0x13331322, 0xc126648b, 0x670cb30d,
    0x57844f37, 0x8397fe21, 0xd2042164, 0x38237184, 0x82004f38, 0xff523065, 0x05b103f3, 0x001f00e6, 0x403d002b, 0x8201003a, 0x03012a6f,
    0x03010680, 0x05030005, 0x0a8f477e, 0x04050534, 0x04010761, 0x4e045d04, 0x00002021, 0x2b202527, 0x37822b21, 0x12231e2f, 0x190b082a,
    0x3435012b, 0x36373636, 0x05994736, 0x230bdf46, 0x1515020e, 0x0138938b, 0x4564357f, 0x658e5a42, 0xbe089658, 0x76c27705, 0x6a6abf82,
    0x234f4061, 0x3c080d41, 0x95890bc1, 0x7b282957, 0x6f7b6857, 0x5db07e7d, 0x7972b265, 0x49273bac, 0xfe0b5968, 0x0a234132, 0x78fe6626,
    0x6b04c503, 0x6b27bd84, 0x5027b04b, 0x83264058, 0x050124ba, 0x82800103, 0x010524cb, 0x87007e00, 0x4d5f22b8, 0x29f18200, 0x02020062,
    0x1b4e025b, 0x28902340, 0x00221d82, 0x2f896602, 0x594e0524, 0xeb951440, 0x06141523, 0x07884206, 0x33373623, 0x07dc5b0e, 0x023e3727,
    0x32133535, 0x271f8216, 0x35262223, 0x98023634, 0x5921eb86, 0x21eb8595, 0xeb82c081, 0x854e4121, 0x4f3729eb, 0x0b9d024f, 0x2a569688,
    0x7026eb84, 0x5db17d7c, 0xeb83b166, 0x69482828, 0xce010b58, 0x2042384e, 0x2dcb8205, 0x02e9feda, 0x002d068b, 0x4011000f, 0x1082000e,
    0x00853d08, 0x17760101, 0x180b0214, 0x1234132b, 0x06333712, 0x14150202, 0x26231312, 0x7443da02, 0x714daf4b, 0xaf81793c, 0x5f02837f,
    0x016501a3, 0xfe9d7b4b, 0x92b5feac, 0xfe5bfec7, 0xc201d9f6, 0x60204082, 0x11205182, 0x17225184, 0x51841440, 0x82010221, 0x003d0852,
    0x000f0000, 0x0b03170f, 0x12132b17, 0x02343512, 0x16332702, 0x14151212, 0x85600702, 0x4e703c75, 0x42754baf, 0xe9fe7d85, 0xa3011201,
    0x4b0192c1, 0x7b9d5401, 0x9afeb5fe, 0x3efedfa2, 0x205782d5, 0x205782e2, 0x24578270, 0x40280007, 0x2a4d8225, 0x01000201, 0x03020067,
    0x4f570203, 0x0222078f, 0x18824f03, 0x2a0ae868, 0x23152111, 0xe2153311, 0x82e28e01, 0x4407263e, 0x99eef999, 0x204b8200, 0x204b827b,
    0x204b8809, 0x20118202, 0x244b8202, 0x00030300, 0x25408257, 0x01045f03, 0x4b8f0003, 0x11333528, 0x11213523, 0x4d82e27b, 0x99e9fe28,
    0xf8991206, 0x398200bc, 0x4b829020, 0x4b82ee20, 0x59002128, 0x02191ab6, 0xdd5a0201, 0x001a2b07, 0x05010002, 0x00690102, 0x02820005,
    0x04006522, 0x2d05414c, 0x1b4e045e, 0x03002040, 0x03020400, 0x248c6904, 0x55005921, 0x053c0593, 0x40595100, 0x15111d09, 0x06102521,
    0x012b1c0b, 0x35352622, 0x23272634, 0x36363335, 0x362c0982, 0x06261533, 0x06141115, 0x16161507, 0x35080782, 0xee023316, 0x6752aed6,
    0x52662221, 0x5f7fd6ae, 0x4f7e7e4f, 0xe9fe7f5f, 0x6ee4cdba, 0x06b60668, 0xcde66e66, 0x750197ba, 0x58e2fe7f, 0x1a14197f, 0xe4fe5781,
    0x0941767f, 0x06d92c07, 0x0020002d, 0x0809b660, 0x87030402, 0x831b20bd, 0x830020a0, 0x060026a0, 0x05000501, 0x07636665, 0x82015e21,
    0x832120be, 0x830320b6, 0x85c682db, 0x05052425, 0x82005900, 0x846120e8, 0x20bf822e, 0x370d820e, 0x12200020, 0x111d1115, 0x2b1b0b07,
    0x36323513, 0x36341135, 0x26263537, 0x262d0782, 0x16323523, 0x16141515, 0x06153317, 0x08088206, 0x807b0631, 0x7d7d4f5e, 0xd6805e4f,
    0x07765ead, 0xfead607b, 0x7f7695e9, 0x81571c01, 0x7e1a141a, 0x7e1e0158, 0xcdba9775, 0x016575e6, 0x766601b4, 0x82bacde4, 0xfe7a2c84,
    0x05400775, 0x0042009e, 0x64970150, 0x1239057c, 0x040a0124, 0x0a060115, 0x0208013e, 0x0800013f, 0x4b1b4c04, 0x58501ab0, 0x20198340,
    0x87198e05, 0x8a092014, 0x5959212e, 0x2a084985, 0x0001002a, 0x07010407, 0x04010569, 0x04060a00, 0x090c690a, 0x02060602, 0x02010361,
    0x004d5702, 0x61000808, 0x0000010b, 0x864e005b, 0x00312861, 0x040a0405, 0x87800a05, 0xa2002039, 0x82222038, 0x933b209a, 0x83092038,
    0x09012271, 0x98708809, 0x822d207b, 0x9a342042, 0x02062c42, 0x06005909, 0x08020103, 0x8c690206, 0x394021b7, 0x002336a9, 0x87590800,
    0x0008233c, 0x00825951, 0x21403108, 0x00014344, 0x5043484a, 0x393b5044, 0x2a2c3234, 0x20222627, 0x1012181a, 0x42000608, 0x0b0d4201,
    0x20012b16, 0x12101100, 0x04322124, 0x14151216, 0x2005d544, 0x0aae4827, 0x16323325, 0x56353317, 0x34330720, 0x23242626, 0x15020422,
    0x32210010, 0x17373636, 0x6003020e, 0xac080bcf, 0xfe140416, 0xd724fe42, 0x1a019401, 0xd23701ce, 0x8945166a, 0x5d7a3474, 0x861a0809,
    0x5bb38571, 0x6077bb6b, 0x9e0a1b81, 0x476e4043, 0x00ffa853, 0xbafee5ad, 0x018601ad, 0x78995074, 0x912e2b1d, 0x7e919ea5, 0x74528387,
    0xfe70323e, 0x01df0175, 0x011d01b9, 0xe385db99, 0x6b98e2fe, 0x206db3d7, 0x61403e4a, 0x868de184, 0x26467bd4, 0x3c6dfd54, 0x7cf4e35a,
    0xb96dbae9, 0xfef3a6fe, 0x1e6ffe8f, 0x138c0a25, 0x49021926, 0x83b3b2af, 0x5c548d55, 0xff0063a2, 0xffda00ff, 0x068b0247, 0x0006038b,
    0x005e0089, 0x0100b108, 0x35b05eb0, 0x2019822b, 0x20198260, 0x20198411, 0x20198e8a, 0x201982e2, 0x20198470, 0x20198e8b, 0x2019827b,
    0x20198409, 0x20198e8c, 0x20198290, 0x201984ee, 0x83198e8d, 0x84d92033, 0x8e8e2019, 0xff7a2e19, 0x06400755, 0x0007037e, 0x0000008f,
    0x229d83e0, 0x82e0b002, 0x02002f9d, 0x00002200, 0xd205ed04, 0x1f001b00, 0x25437a00, 0x282b0805, 0x03020b0e, 0x0002020c, 0x67000301,
    0x06060108, 0x0a0f4d56, 0x05040402, 0x0207095f, 0x4d590505, 0x01020d10, 0x4e015701, 0x8326401b, 0x231c8311, 0x68040503, 0x28873691,
    0x1e405928, 0x1e1f0000, 0x66821c1d, 0x191a1b29, 0x15161718, 0x88111314, 0x1f0b2b00, 0x2113212b, 0x23132303, 0x03843337, 0x21033328,
    0x33033313, 0x03842307, 0x1c820120, 0x44c7022e, 0x97438cfe, 0xde19de43, 0xdb19db3c, 0x01260982, 0x43974474, 0x0e8517dc, 0x0150fe30,
    0x8cfe3c74, 0x65fe9b01, 0x01969b01, 0x0985986e, 0x65fe3908, 0x9692fe98, 0x310265fe, 0x02006e01, 0xecff7800, 0xe7045605, 0x33002300,
    0x46404900, 0x0d0f1517, 0x1e010304, 0x04060c18, 0x20210302, 0x0304051f, 0x03020006, 0x020e164c, 0x5f090d55, 0x5d260945, 0x24254e00,
    0x10550001, 0x11132505, 0x23012300, 0x2d051351, 0x27072726, 0x35262637, 0x27373634, 0xc4511737, 0x17372305, 0xe5821607, 0x17070626,
    0x06062707, 0x0810944d, 0xbd6ae256, 0x8376804d, 0x383e3933, 0x4b8e768d, 0xb96665b6, 0x937a8f4c, 0x33383d37, 0x4e817a8a, 0xc3786bc0,
    0x78c37373, 0x7575c577, 0x404714c5, 0x4c867c82, 0xc06c67ba, 0x907c914e, 0x3b43413a, 0x4e947c93, 0xb8666bbe, 0x857c8a4b, 0x7fa24941,
    0xd4817fd4, 0x81d47d7d, 0x00390882, 0xff2e0001, 0x06b40220, 0x00030018, 0x02144017, 0x01000101, 0x00000085, 0x21038276, 0x1b630003,
    0x01013a05, 0xb4020123, 0x01a620fe, 0xf91806e0, 0x00f80608, 0xfe060101, 0x07a30120, 0x35359bb2, 0x01112311, 0xb2079da3, 0x92096ef6,
    0xc0000200, 0x6901e8fe, 0x3182d205, 0x22000724, 0x5f821f40, 0x63206a82, 0x35078c47, 0x4e025603, 0x07040404, 0x11120704, 0x190b0510,
    0x1133132b, 0x42821323, 0x82a9c021, 0x93012a00, 0xea0655fd, 0xa70259fd, 0x48b18f00, 0xb1870c33, 0x33010525, 0x840e0201, 0x06e024b1,
    0x8308f9f8, 0x02902d24, 0x021e0329, 0x000300cf, 0x021c401f, 0x0022e782, 0x06825701, 0x5f000122, 0x4f201d83, 0x153bef8b, 0x1e033521,
    0xcf0272fd, 0xff00a6a6, 0x029000ff, 0x031e0394, 0x0006033a, 0x436b009d, 0x6b2b05ad, 0x002b35b0, 0x03a00001, 0x84c6019b, 0xb12626d3,
    0x40446406, 0x224a821b, 0x82570001, 0x5f01214b, 0x00215b82, 0x31568b01, 0x440006b1, 0x03331313, 0x9cce58a0, 0x37029b03, 0x4182c9fd,
    0x4182d220, 0x45639420, 0x05c74b0b, 0x8a4e0121, 0x0313278f, 0x16e80333, 0x348616c2, 0x35829182, 0x82e80221, 0x00262235, 0x252782a0,
    0x01a00007, 0xa9830054, 0x99fe8036, 0xd000a601, 0x9f000701, 0xfefae0ff, 0x00b10900, 0xfefab801, 0x2d065963, 0x01f3ffa0, 0x000101ae,
    0x401a000b, 0x08820017, 0x52026121, 0x072a073b, 0x010b0005, 0x160b030b, 0x1d4c052b, 0x2701250a, 0x384f4f38, 0x0d200382, 0x09820584,
    0x00ffff22, 0x04254584, 0x0026022a, 0x20ed82a3, 0x21058307, 0xc3632903, 0x29032105, 0x23836983, 0x01cd0027, 0x020405ae, 0x221d8327,
    0x8401da00, 0x03042325, 0x8f821100, 0x82dab021, 0x01b12524, 0x0304b801, 0xb5832d86, 0x2a04ca24, 0xb5852700, 0x1c202d84, 0x12205382,
    0x2e83bd88, 0x5b835c84, 0x013d0226, 0x034b03ae, 0x02215384, 0x21e3854a, 0xe3864a02, 0x9000642d, 0x4004c302, 0x3d000500, 0x820104b6,
    0x07f35fdf, 0xeb410c20, 0x59002607, 0x401b4e01, 0x10a94111, 0x40592708, 0x0000000a, 0x12050005, 0x2b170b03, 0x33010125, 0xf5010101,
    0x91016ffe, 0x0176fece, 0xd801908a, 0x28fed801, 0x388228fe, 0x82500021, 0xc2af2065, 0x84372065, 0x01502965, 0xce76fe8a, 0x6ffe9101,
    0xe7826488, 0x0421c982, 0x22638259, 0x82a80026, 0x00072897, 0x009601a8, 0x83ffff00, 0x4504217b, 0xa9201784, 0xa9201784, 0x00371783,
    0x00ae0001, 0x045e042c, 0x00070062, 0x0207b306, 0x132b3201, 0x83150135, 0x03ae3201, 0x0238fdb0, 0x7e0802c8, 0xfec4dc01, 0xaefe0cae,
    0x20c383c2, 0x202f82ed, 0x212f869d, 0x2f820106, 0x35010122, 0x23080184, 0x50fc9d04, 0x38fdc802, 0x0802b003, 0x01c224fe, 0x52010c52,
    0x0024fec4, 0xe2000200, 0x6a041b01, 0x03007303, 0x2f2b6582, 0x02002c40, 0x00030105, 0x41670302, 0x042f0a4c, 0x01000101, 0x0004044f,
    0x04070400, 0x4e050607, 0x3523097a, 0x82011521, 0x03e22e03, 0x0378fc88, 0xa61b0188, 0xa6b201a6, 0x08b982a6, 0x6400c322, 0x2a048804,
    0x2c000b00, 0x02002940, 0x57020501, 0x04010103, 0x01050001, 0x02006700, 0x065f0502, 0x05211382, 0x0ee07b4f, 0x21112525, 0x7d112135,
    0x023505d2, 0x0172fe51, 0x8e01a98e, 0x016472fe, 0x93019f94, 0xfe9f6dfe, 0x2d5b826c, 0x047000d2, 0x001e047e, 0xb306000b, 0xe5820006,
    0x01012529, 0x37010127, 0x82170101, 0xfe0a2762, 0x749efe9e, 0x04846201, 0x74620127, 0x62019efe, 0x250e8870, 0x019dfe76, 0x22837663,
    0xc5820020, 0x4800d226, 0x47047b04, 0x0f2c0982, 0x68001b00, 0x502db04b, 0x061d4058, 0xa785ee82, 0x01080537, 0x65040504, 0x02020107,
    0x03006103, 0x4e025903, 0x0023401b, 0x23108203, 0x69020301, 0x0428288a, 0x00590504, 0x61040505, 0x512f3184, 0x111a4059, 0x00040510,
    0x10151700, 0x4f1b111b, 0x09280ab1, 0x012b170b, 0x25352115, 0x4e0a9343, 0x042d0bc4, 0x0157fc7b, 0x4e4e37d3, 0x4d4d3737, 0x08078637,
    0xaa9c0222, 0x384da2aa, 0x364e4e36, 0x0afd4d38, 0x4d36374e, 0x4e37364d, 0xce000200, 0x7e044500, 0x0b006104, 0x08059155, 0x00010227,
    0x03020508, 0x67030004, 0x01090600, 0x63070607, 0x01040400, 0x0101005f, 0x0c4e0459, 0x0c00000c, 0x0e0f0c0f, 0x08557d0d, 0x1b0b0a24,
    0x7241132b, 0x23360808, 0x21350111, 0x8401ce15, 0xfe8301a9, 0x7cfea97d, 0x9202b003, 0xfe2701a8, 0xdafea8d9, 0xb3fd2601, 0x0100a8a8,
    0x9001a600, 0x0c03a504, 0x42001b00, 0x446406b1, 0x87823740, 0x02000436, 0x01068004, 0x01030105, 0x00800305, 0x01040000, 0x00690400,
    0x012b0c82, 0x01010059, 0x03006103, 0x82510301, 0x001b2817, 0x1223241b, 0x82072324, 0x06b12578, 0x26134400, 0x08052e47, 0x33161651,
    0x33353632, 0x23060616, 0x26272622, 0x06222326, 0x5302a817, 0x7a4a4a87, 0x26403551, 0x02a4473e, 0x4c4a8654, 0x3f364d7c, 0x014c3a26,
    0x967cb701, 0x2e473e43, 0x7b575a26, 0x43414396, 0x5f52252f, 0x00ffff00, 0x04cf00ae, 0x0305055e, 0x82ac0007, 0x45a3206c, 0xa32005d9,
    0x20058749, 0x201b82ed, 0x201b849d, 0x261b90ad, 0x04be01e2, 0x8216046a, 0x87ae2037, 0xb002211b, 0xc3263786, 0x8804ff00, 0x1b82c504,
    0x1b82af20, 0x53859b20, 0x53859b20, 0x1301d226, 0xc1047e04, 0xb0201b82, 0xd2265390, 0x7b04eb00, 0x1b82ea04, 0x1b87b120, 0x53870320,
    0xdc00ce22, 0xf8203782, 0xb2201b82, 0x97201b82, 0x20059149, 0x26538597, 0x042c02a6, 0x82a803a5, 0x82b3201b, 0x859c201b, 0x469c206f,
    0x2008059d, 0x043b01e0, 0x00e90224, 0x4b460005, 0x58500ab0, 0x01031740, 0x02000002, 0x00010071, 0x00570100, 0x07fb4601, 0x16401b22,
    0x02211983, 0x25188f86, 0x000b4059, 0x707d0000, 0x11013208, 0x11213521, 0x65fd7b03, 0x3b014403, 0xfe9f0f01, 0x25488252, 0x5aff0000,
    0x2782a603, 0x27000326, 0x446406b1, 0x2c1e5d47, 0x440006b1, 0x35211521, 0x5afca603, 0x2a3682a6, 0x03520001, 0x0573032e, 0x870700a3,
    0x8205203f, 0x4c012199, 0x85235a83, 0x50020203, 0x0728050e, 0x11110700, 0x2b180b04, 0x133b3f83, 0x23013301, 0x52032303, 0x01c72d01,
    0x0dd9b12d, 0x022e03d7, 0x018bfd75, 0x8329fed7, 0x02723f36, 0x0590038c, 0x001100d2, 0x1029402c, 0x0c0d0e0f, 0x06070a0b, 0x02030405,
    0x00010e01, 0x0b464c01, 0x01562208, 0x08b8824e, 0x1100114a, 0x170b0318, 0x0513012b, 0x37252527, 0x03330305, 0x05051725, 0x01132507,
    0xf4fe0db9, 0xfe1a0148, 0x0c0148e6, 0x010c900d, 0xe6fe480b, 0xfe481a01, 0x8c020cf5, 0x7eab3d01, 0xab809292, 0xc3fe3d01, 0x929280ab,
    0xc3feab7e, 0xc32c7d83, 0x6604ff00, 0x1100d304, 0x2e403100, 0x7a467d92, 0x20828a10, 0x08829025, 0x0a460279, 0x014ec1fe, 0x50aafe57,
    0x9e0a3c01, 0x503b010a, 0x5701aafe, 0x0ac2fe4e, 0xce8001ff, 0x88b3af89, 0xfe7f01d0, 0xb388cf82, 0xfecd89af, 0x04000081, 0x5a016400,
    0xe605f004, 0x23001300, 0x3b003200, 0x06b16900, 0x5e404464, 0x08040131, 0x070c4c01, 0x02040502, 0x80020504, 0x03000100, 0x69030106,
    0x09000600, 0x69090608, 0x04000800, 0x67040805, 0x0002010b, 0x82590200, 0x02360806, 0x010a6100, 0x51000200, 0x14152424, 0x393b0001,
    0x32243335, 0x292b3224, 0x25262728, 0x23141b1d, 0x090b2315, 0x13011300, 0x2b160b0d, 0x440006b1, 0x022e2201, 0x18763435, 0x0e142206,
    0x0fcb4a02, 0x82273721, 0x21112132, 0x23059e60, 0x33011707, 0x0805ac4d, 0xaa022333, 0x5ba0d378, 0x78d3a05b, 0x5aa0d379, 0x79d3a05a,
    0x7777c87a, 0xc9797ac8, 0xf5c97777, 0x0178735e, 0x374e2210, 0xfe6d2334, 0x37196cab, 0x016e1638, 0x872c835a, 0x20078334, 0x852e828d,
    0x08058234, 0xb6b6ae41, 0x4b251802, 0x164f383a, 0x2f0f01d1, 0x00233030, 0xa8000300, 0xa806e9ff, 0x1300e905, 0x47002700, 0x06b16400,
    0x59404464, 0x08060500, 0x80080506, 0x06070800, 0x007e0708, 0x04030001, 0x59690301, 0x07260872, 0x07020900, 0x14416909, 0x14153512,
    0x43450001, 0x3b3d3f40, 0x30313335, 0x1d1f2b2d, 0x27152714, 0x20051041, 0x0610410c, 0x2422052a, 0x34350226, 0x33243612, 0x2505d14e,
    0x27040602, 0x12823e32, 0x23022e2a, 0x15020e22, 0x01021e14, 0x200dff7b, 0x073b7306, 0x2e06d353, 0xfe9fa803, 0x7777d4ea, 0x9f1601d4,
    0x8316019f, 0xeafe2a09, 0xa4d77b9f, 0xd7a45c5c, 0x2f07867b, 0xc574d3fe, 0x73af6877, 0x850fb00e, 0x48784854, 0x542b0282, 0x0db00f75,
    0x7768a76c, 0x8e1774c5, 0x2050843c, 0x843e8aae, 0x02360846, 0x74c47851, 0x4a619859, 0x49784760, 0x5f477748, 0x599a614b, 0x0000c475,
    0x03820002, 0x0523033d, 0x000f00de, 0xb139001b, 0x40446406, 0x0001002e, 0x03010203, 0x2d420569, 0x08fa4c05, 0x51000225, 0x46011011,
    0x401806cd, 0x1d420933, 0x0c635905, 0x59270621, 0x2b080a4f, 0x995dd401, 0x5d995c5c, 0x5b5b985c, 0x6c4d5c98, 0x6d4e4d6c, 0x5a3d036d,
    0x9a5d5c99, 0x5d9a5b5b, 0x965a995c, 0x6e4d4c6d, 0x6d4c4d6e, 0x20089183, 0x03870243, 0x00ea0529, 0x002e0020, 0x1cb04b7a, 0x0c405850,
    0x03111225, 0x011d0104, 0x4c020400, 0x200e891b, 0x200e8203, 0x79228559, 0x79220817, 0x1779064d, 0x79812009, 0x79250c17, 0x0303004d,
    0x0a17797b, 0x593c1e82, 0x21221540, 0x2e210001, 0x1b1c2e22, 0x0d0f1416, 0x20012000, 0x2b160d07, 0x35262201, 0x21067456, 0x1c5c3435,
    0x06937705, 0x35231124, 0xe2840623, 0x020e3522, 0x0805a855, 0x7f72015a, 0x549e67b0, 0x56586b77, 0xa1146757, 0x3572cf2f, 0xa6446b78,
    0x49821909, 0x540c7b6e, 0x6a4f1d5e, 0x83870261, 0x2d665f7c, 0x2c130d09, 0x454c4404, 0x6172272c, 0x5a723f19, 0x3273d3fd, 0x49718653,
    0x0b120b6a, 0x3e390a04, 0x02003d3a, 0x88024e00, 0xea058e03, 0x1b000f00, 0x210b9b5f, 0x8c414d79, 0x82002008, 0x108d41bb, 0x767eb685,
    0x14152108, 0xbe84a685, 0x14152f08, 0x7dee0116, 0xbc6767bc, 0x68bb7d7d, 0x7c7dbb68, 0x7b7d7677, 0x88027777, 0x8381c26d, 0xc36c6cc3,
    0x6cc38183, 0x7776ab8f, 0x7678abac, 0x858200ab, 0xe8025828, 0x17070d01, 0x87820300, 0xb04b4f29, 0x40585017, 0x82030015, 0x03002382,
    0x9b586902, 0x4e012409, 0x881a401b, 0x10324a17, 0x12405922, 0x2213b058, 0x48113311, 0x62390bf2, 0x36264fa1, 0x35242636, 0x03e80235,
    0x03e8fc18, 0x2324367d, 0x26233535, 0x2b508234, 0xe8026000, 0x0806df02, 0x6a001400, 0x20087b6f, 0x208e8220, 0x087b6f18, 0x034d5e23,
    0x28298201, 0x01010261, 0x4e005e01, 0x05b0571b, 0x5c201f89, 0x5c201f8a, 0x40211f82, 0x25298215, 0x01000400, 0x34466904, 0x313e8205,
    0x594f0001, 0x1323b759, 0x05111124, 0x132b1b0b, 0x136c2311, 0x08a26f08, 0x999fff3f, 0x51751a06, 0x569f8f71, 0x045d4747, 0x0312fed6,
    0x4a3e8018, 0xf1fd7f92, 0x594df401, 0x2d83825c, 0x00006e00, 0xd2051e04, 0x28000e00, 0xf5582540, 0x00002807, 0x005f0200, 0x6c560202,
    0x10820780, 0x0e000e24, 0x6b822126, 0x212b1922, 0x4f656b82, 0x11213908, 0x54b46303, 0x7272dc9f, 0xc3019fdc, 0xfcfc2c05, 0x8687d57a,
    0x2efa7bd3, 0x28084382, 0xd2fe7a00, 0xe6051204, 0x46003700, 0x39403c00, 0x02022021, 0x03043204, 0x02020103, 0x0402004c, 0x01020401,
    0x05010080, 0x56788201, 0x5c33086c, 0x00014e04, 0x1c1e2325, 0x06081516, 0x37013700, 0x74160b06, 0x72490542, 0x26342405, 0x43252726,
    0x372005c2, 0x7508215b, 0x14240720, 0x05171616, 0x2a05c650, 0x14151607, 0x36160306, 0x82343536, 0x0682082f, 0x16141506, 0xab330217,
    0x19a120c2, 0x725d6e69, 0xfe224832, 0x387561e6, 0x43034666, 0xa3a6cc44, 0x22982bb2, 0x6a60665c, 0x01234932, 0x8171631a, 0xd68b0363,
    0x455a1f2c, 0x20e2fe88, 0x49433e54, 0x91a5d2fe, 0x516b5b2a, 0x344a374f, 0xac38a413, 0x4c713d5a, 0x72390504, 0xa2a58e4f, 0x67612997,
    0x4b354956, 0x3aa61534, 0x955f56aa, 0x93690708, 0x8c02a58e, 0x42521912, 0x13a44e77, 0x3c41531c, 0xe4822a65, 0x8203632b, 0xae06f301,
    0x39000700, 0x073a62b7, 0x1db04b33, 0x0c405850, 0x01010102, 0x00004d4a, 0x4e004c00, 0x210e851b, 0x0e855f00, 0x3e05154e, 0x11070007,
    0x2b170a03, 0x11231101, 0x37350723, 0x08adf301, 0xae06cfdb, 0x9902d4fc, 0x827c9881, 0x03702d5d, 0x061d0382, 0x001a00b8, 0x0101b55c,
    0x83051857, 0x411e205b, 0x61230bd7, 0x82020200, 0x07556267, 0x82044c21, 0x881c206d, 0x00022620, 0x00020100, 0x08746269, 0x59341e82,
    0x00000d40, 0x1a001a00, 0x27122227, 0x2b1a0a06, 0x36013513, 0x0806dd5a, 0x3423153a, 0x16323336, 0x06061415, 0x21150707, 0x54017615,
    0x455e4748, 0xb7a65947, 0x26b59790, 0x01996e6e, 0x7b8203b5, 0x4d390d01, 0x3f3f362d, 0x85897236, 0x715b2c68, 0x8b076f50, 0x67247282,
    0x34037803, 0x2b25af82, 0x25b58600, 0x05647301, 0x2e22af83, 0x75620600, 0x20bf821d, 0x06756202, 0x82005021, 0x902c20bf, 0x00072e30,
    0x05070605, 0x00040069, 0x03040103, 0x31f38269, 0x01086100, 0x00500000, 0x1740594e, 0x1e200001, 0xa7621a1b, 0x012b280a, 0x160a092b,
    0x6722012b, 0xa7620538, 0x06c65b11, 0x0720e882, 0x0805506e, 0x62ca014a, 0xb0025fa0, 0x4e496a02, 0x4c5c6b63, 0x56644d4c, 0x02634644,
    0x995b01a7, 0x66b0925e, 0xcc726b53, 0x693a7803, 0x3e332846, 0x7b3e312f, 0x392d303d, 0x6a462d37, 0x4461853c, 0x0d060b5b, 0x86684d62,
    0x70fe0100, 0x19030000, 0x66077951, 0x03200ef6, 0x2206f952, 0x82330121, 0x00043a28, 0x0500fca9, 0x002efad2, 0xff4e0002, 0x03c202f7,
    0x000b0035, 0x402b0017, 0x0a034728, 0x1d7b0220, 0x00572205, 0x150b654e, 0x4609745d, 0x882c0cf5, 0x97a3a298, 0x99a1a397, 0x4c4b4b4c,
    0x09310382, 0xd6cacbd3, 0xd4cac9d7, 0x89879087, 0x88889392, 0x2663828f, 0x0100004b, 0x642c03b6, 0x002111f7, 0xaf4a185f, 0x0cf76408,
    0x37350731, 0x09a1b601, 0x2c03a3c1, 0xa402d4fc, 0x827da095, 0x00632445, 0x82900200, 0x001a24bb, 0x642f4032, 0x7c420ef3, 0x0457220f,
    0x0a79424e, 0x2b1a0b23, 0x19794233, 0x016a2808, 0x4b3b3510, 0x9b40322f, 0x967a739f, 0x6a575a20, 0x016c4601, 0x2e553927, 0x3136342f,
    0x5d847d6d, 0x60785125, 0x82870a75, 0xff642483, 0x82bf02f7, 0x002b2483, 0x4249404c, 0x40420578, 0x00573628, 0x1f00014e, 0x17191a1d,
    0x0e0f1115, 0x0406080c, 0x012b0003, 0x06c4612b, 0x2205d960, 0x70343536, 0x035e0666, 0x063d4211, 0x7c8f4508, 0x07a307a8, 0x503a3051,
    0x54544d48, 0x31394537, 0x9a04582b, 0x4c825204, 0x493c7355, 0xac53563e, 0x19586909, 0x342e3920, 0x343f7e45, 0x2326352c, 0x40345c3d,
    0x5e463765, 0x670a0a0e, 0x0084634e, 0x5b000200, 0xca230482, 0x64002c03, 0x002010dd, 0x8520e482, 0x240ce264, 0x03570303, 0x13dd644e,
    0x64353721, 0x200805dd, 0x37352315, 0x15032311, 0xc844015b, 0x039a6363, 0x817dc90b, 0xd7fd2e02, 0x867d7d86, 0xa2fe6901, 0x2452820b,
    0x02f5ff74, 0x2a6f82ac, 0xb6cd0022, 0x03021318, 0x4d4c0106, 0x242005d3, 0x2708db64, 0x06050004, 0x00670504, 0x3107e364, 0x61000202,
    0x00000107, 0x1b4e0057, 0x500cb04b, 0x2ba14058, 0x2b845d20, 0x2ba40d20, 0x52a55783, 0x5959592d, 0x00011540, 0x16171b1d, 0x41111415,
    0x222305b8, 0x54082201, 0xb841056e, 0x07222c0a, 0x27270606, 0x21152113, 0x44363307, 0x390807dd, 0x98738301, 0x45049b04, 0x56503b2b,
    0x11160743, 0x3a8e1026, 0xbbfec601, 0x470e071b, 0x4d967225, 0x5a770b86, 0x3d4c2b22, 0x0102553e, 0x01200101, 0x0db7877a, 0x4e749918,
    0xaf43487b, 0x03be2f06, 0x001c0035, 0x40470028, 0x06011344, 0x55650104, 0x06c14a09, 0x2307ea4b, 0x05050108, 0x35083341, 0x00011d1e,
    0x281d2224, 0x1517281e, 0x0c0d0f11, 0x1c00080a, 0x6c421c01, 0x022e2205, 0x05b24b35, 0x26231728, 0x06222326, 0xac833315, 0xd14adc82,
    0x07580809, 0x8f011606, 0x40646f2e, 0x7259975a, 0x0f9f119d, 0x604b3342, 0x4680490b, 0x8ca44674, 0x4050553f, 0x07075739, 0x511c0957,
    0xc196819d, 0x2561825c, 0x6d7c7d32, 0x764f7844, 0x3f5683a5, 0x3b50563c, 0x0000623a, 0x00470001, 0x037f0200, 0x0007002c, 0x061f4022,
    0x4b010001, 0x00241482, 0x67000102, 0x65097670, 0x3308103a, 0xfe57017e, 0xfe380272, 0x0b9b02a7, 0x60fd8c86, 0x4e000300, 0xb702f7ff,
    0x19003503, 0x31002500, 0x40404300, 0x03020613, 0x004c0104, 0x04050001, 0x08690501, 0x21074165, 0x37650107, 0x00573a07, 0x1b26274e,
    0x2d00011a, 0x2731262b, 0x1a1f2131, 0x0e251b25, 0x0119000c, 0x05054119, 0x5d352621, 0x8846069e, 0x069f4507, 0x650bdf44, 0x4c080b31,
    0xaa8a8201, 0x433a4358, 0x9e78799d, 0x5d3e3844, 0x4b4489ac, 0x513f3d52, 0x4534464a, 0x41383742, 0x64800943, 0x090d7249, 0x5e3c650f,
    0x3d5d7c7b, 0x0d090f64, 0x80644a71, 0x38343e7d, 0x34384545, 0x3b6a013e, 0x39393232, 0x003b3232, 0x30d18202, 0x03be02f6, 0x001e0039,
    0x4047002a, 0x03010a44, 0x65ce8305, 0xd1410523, 0x6500200a, 0x0d43052b, 0x1f20320a, 0x24260001, 0x2a202a1f, 0x0d0f1517, 0x03040608,
    0x09216500, 0x65078d42, 0x032a0c20, 0x06061415, 0x37363203, 0xfc652636, 0x01510805, 0x119c7377, 0x34410ea0, 0x250a614a, 0x76463e68,
    0x5a8b4f46, 0x43656b29, 0x4156945a, 0x55050454, 0x4e534044, 0x2664830a, 0x357c7f34, 0x4e79453c, 0x034a8353, 0x9d4e1a01, 0x5cc29884,
    0x355d9401, 0x3e576135, 0x0000563d, 0x00790001, 0x02a00280, 0x30fd54a8, 0x23352208, 0x33353335, 0x23153315, 0xd44d0115, 0xd3d380d4,
    0xd879d780, 0x00d779d8, 0x00860002, 0x029402ce, 0x34a75551, 0xa7553720, 0x02862d06, 0x02f2fd0e, 0x8080ce0e, 0x7f7f0401, 0x852ca983,
    0xaf01b1ff, 0x0e00b003, 0x15401800, 0x820abf4b, 0x4f0122c4, 0x06046216, 0x36362708, 0x02063337, 0x17161415, 0x85262623, 0x922c4527,
    0x4a424c40, 0x014f4992, 0xbbc85793, 0xdffe8743, 0xa2db6575, 0x3482f576, 0x4f823c20, 0x4f826620, 0x1e000d22, 0x30153959, 0x160d000d,
    0x2b170b03, 0x35363617, 0x33270234, 0x3857821e, 0x3f4d3c07, 0x2c92414b, 0x4f982844, 0x7560daa8, 0x42872101, 0xef58c8bb, 0x279082f3,
    0xf6ff8000, 0xce005801, 0x250ee158, 0x014e0057, 0xe1580700, 0x55172008, 0xec240a4d, 0x2d3f3f2d, 0x0a200382, 0x09820584, 0x66284583,
    0x5201e1fe, 0x0300a600, 0x1e489797, 0x13132707, 0x47660333, 0x2f827da5, 0x3bfec52e, 0x4e00ffff, 0xc2029d02, 0x0703db05, 0x002a8382,
    0x0900a602, 0xb80200b1, 0xe758a602, 0x024b2606, 0x05b601a6, 0x211d82d2, 0x1d8600cf, 0x1d890120, 0xa6026324, 0x3b849002, 0x1d92d020,
    0x59826420, 0x1d84bf20, 0x1d92d120, 0x3b825b20, 0x5984ca20, 0x1d87d220, 0x7424778a, 0xac029b02, 0xd3201d84, 0xb3833b92, 0x5984be20,
    0x3b92d420, 0x59824720, 0x3b847f20, 0x3b96d520, 0x3b84b720, 0x1d87d620, 0xd1890320, 0x9c024e26, 0xdf05be02, 0xd720ef82, 0x79265992,
    0xa0022603, 0x1d824e05, 0x5992d820, 0x74038626, 0xf7049402, 0xd9201d82, 0x85263b92, 0xaf015702, 0x1d825606, 0x3b92da20, 0x1d823c20,
    0x1d846620, 0x1d8fdb20, 0x0001002f, 0x01800280, 0x00580358, 0x401f000b, 0x2d0f821c, 0x00590100, 0x61000101, 0x01000102, 0x28425100,
    0x4213200b, 0x02211228, 0x0c294280, 0x018b0125, 0x42500352, 0x2f822929, 0x29052942, 0x0600004b, 0x00d20566, 0x0b420027, 0x00272e05,
    0x004d02cd, 0x00070100, 0x00d603d0, 0x06d55a00, 0x82083942, 0x9414202d, 0x03d2222d, 0x202d904a, 0x222d8264, 0x82db05b7, 0x84d1205b,
    0x205b83ff, 0x225b84f0, 0x8ded03d2, 0x05002d2d, 0xe3ffe600, 0xea05f506, 0x23001100, 0x35243182, 0xd2004300, 0x0805d570, 0x010e2c2d,
    0x02010b08, 0x69020801, 0x07000100, 0x6a070106, 0x03090900, 0x03010461, 0x0d4d5c03, 0x00060601, 0x0a050c61, 0x60000003, 0x631b4e00,
    0x30200503, 0x0c24339c, 0x57050501, 0x0a213986, 0x21378501, 0x32923440, 0x56040423, 0x206b844d, 0x926a8300, 0x592c0836, 0x372b4059,
    0x24282936, 0x01121324, 0x363c3e00, 0x30433743, 0x2935282e, 0x24272435, 0x1c252627, 0x1323121a, 0x00080a23, 0x0f110111, 0x21056648,
    0xb3473526, 0x15162806, 0x06061415, 0x8e262201, 0x01032611, 0x32250133, 0x23268236, 0x06222326, 0x16212482, 0x2e0d8c01, 0x835fd205,
    0x5e834443, 0x43418260, 0x86dafb81, 0x4281340c, 0x04d68143, 0x00fca900, 0x3e4c9503, 0x414b4e3c, 0x8686fc3f, 0x531d2908, 0x524e528a,
    0x89535389, 0x8a230682, 0x8d5c0353, 0xc1fc320f, 0x2efad205, 0x4e436966, 0x426a6a42, 0x0369434e, 0x330b895c, 0xa800ffff, 0xfd01f004,
    0x06001606, 0x0000f700, 0x9600ffff, 0xeb200f82, 0xf8200f84, 0x01270f83, 0x03150514, 0x790206a6, 0x1f8205df, 0x4505d426, 0xd305fe02,
    0xf9202f82, 0x00271f83, 0x015efe9b, 0x823000f9, 0x001e241f, 0x88010000, 0x0003264f, 0x6406b11f, 0x0e6f6744, 0x2007d444, 0x06a65eb1,
    0xc98ca823, 0x227082c2, 0x83dafe26, 0x217b873b, 0xe95e0003, 0x03012826, 0x57011333, 0x898cc9c1, 0x589f8743, 0x012b2927, 0x02352115,
    0x05d6fdfe, 0x838e8ed3, 0x05e22885, 0x05280321, 0x541400f5, 0x04270883, 0x59040001, 0x82030105, 0x01033fde, 0x04040069, 0x06026200,
    0x00040002, 0x12000152, 0x0c0e1011, 0x0507080a, 0x01140003, 0xa1560714, 0x26350808, 0x06222326, 0x36362307, 0x16163233, 0x33373233,
    0x88020606, 0x1a4b5d31, 0x7e02191a, 0x34504f03, 0x2e214854, 0x53037b0a, 0x292a2105, 0x765a1d32, 0x5e512b2a, 0x267f8372, 0x060000ca,
    0x821805a2, 0x4029337f, 0x01071026, 0x01000103, 0x0202034c, 0x01144a00, 0x12474901, 0x29212a0f, 0x2b180b02, 0x17010121, 0xe04d1807,
    0x21220807, 0x16272622, 0x03171716, 0x0274fd56, 0x42d3748c, 0x73394bb0, 0xfb02043a, 0x39733afe, 0xd342b04b, 0x16828c02, 0x9342d22c,
    0xa6110b3a, 0x933a0b11, 0x7786d242, 0xd1ba0921, 0x1a072377, 0x779de6f8, 0x14faff2d, 0x001e0574, 0x40270008, 0x88010124, 0x920820ed,
    0x141121ed, 0x0520ed83, 0x0136ed82, 0x01211521, 0x6efd5c03, 0xfe749202, 0xed701234, 0x06cc0190, 0x0d839202, 0xfea63529, 0x00010035,
    0x82faffca, 0x001e2bcf, 0x4032000d, 0x0201082f, 0x46410102, 0x010d2306, 0xad694903, 0x03002c12, 0x114f0302, 0x04141112, 0x872b1a0b,
    0x17072162, 0xe22c678b, 0x51f80807, 0xad075d5b, 0x1d01f9f8, 0xe32a6d86, 0xa65d5ba6, 0x0000e3fe, 0x54820101, 0x41d80621, 0x14230741,
    0x8203050e, 0x134c2513, 0x4a010212, 0x49201b82, 0x210ff75a, 0xcb832721, 0x37272136, 0x06373636, 0x35212306, 0x17163221, 0x27272626,
    0x4c040137, 0x2307b541, 0x0204fefb, 0x20063d41, 0x0fb44174, 0x74fd7422, 0x09217586, 0x2175c3f0, 0x75876407, 0x07e6f823, 0x23759f1a,
    0xaa14faff, 0x2107b541, 0xe9830108, 0x96060721, 0x121121e9, 0x0522e983, 0xe3820127, 0x0137013a, 0x01741812, 0x1290edcc, 0x7434fe70,
    0x74069202, 0x01a6cb01, 0x6efd74cb, 0x00244382, 0xd806faff, 0x0d255582, 0x2f403200, 0x264f820d, 0x0c4c0102, 0x4103020b, 0x03260540,
    0x03010200, 0x48416702, 0x1211270f, 0x0b041211, 0x60852b1a, 0x85273721, 0x48043d65, 0xfc1c0174, 0x5d950410, 0x0369fb5b, 0x74e3fef1,
    0x72069002, 0x5da61d01, 0x1d01a65b, 0x6f856e83, 0xc5f00921, 0x5e07306f, 0xf81d0174, 0x5dad07f9, 0x0751f85b, 0x83e2fe08, 0x086f8edb,
    0x00ca0023, 0x05f00900, 0x00250018, 0x212e4031, 0x070e141a, 0x00010601, 0x12134c01, 0x00040203, 0x1516254a, 0x11e24303, 0x391c1f25,
    0x43170b02, 0x29420ce3, 0x42012008, 0xf443083e, 0x7a052114, 0x2109c641, 0xde4174fd, 0x86fa2107, 0x44119043, 0x74210507, 0x200182fd,
    0x051a4474, 0x210c1944, 0xb5ea360d, 0x93c00821, 0x40f721b5, 0x0224b5ab, 0xfaffca00, 0x3b06db41, 0x40380013, 0x0d101335, 0x03020406,
    0x0b0c4c01, 0x01040708, 0x0104054a, 0x00490003, 0x2b059d4f, 0x00020067, 0x00570200, 0x5f000202, 0x00240882, 0x1614124f, 0x39085342,
    0x01010701, 0x01210117, 0x21050137, 0x07212737, 0x01745e07, 0x01acfa1d, 0x7d44741d, 0x05e23705, 0x74e2fe56, 0x1df89202, 0x5b5da006,
    0x065b5cf9, 0xfe1d0172, 0x8d4472e3, 0x84e32005, 0x5d5d2427, 0x84005b5b, 0x360d2693, 0x0d001e05, 0x2193ce00, 0x9382a40a, 0x8966f721,
    0x9c082193, 0xf4279384, 0x5de609d7, 0x9716f65b, 0xffff2f93, 0x5d00ca00, 0x7505a206, 0xfe000603, 0xdb5f5d00, 0x5f5d2005, 0x198205f7,
    0x84ba0921, 0x90ff2019, 0x14572819, 0x037b0574, 0x91000106, 0x83338219, 0x8d012019, 0x21298319, 0x4d83d806, 0x91020121, 0xf0092119,
    0x03201984, 0x57221990, 0x6784aa14, 0x19910420, 0x67834d82, 0x19910520, 0x19834d82, 0x198d0620, 0x6786e983, 0x19910720, 0x84360d21,
    0x90082081, 0x86572019, 0x8509204d, 0xb0022119, 0x20081d41, 0x83338257, 0x8e0a2067, 0x00143a19, 0x05670500, 0x002600d2, 0x00001b0c,
    0xe2220106, 0x00ffff00, 0x040000b4, 0x2a158424, 0x0100001c, 0x011b0107, 0x66c8fdce, 0xfd2705d3, 0x2b35b0c8, 0x49020000, 0x0b2d086d,
    0x33001700, 0x446406b1, 0x01032840, 0x202e8201, 0x2a068259, 0x05610001, 0x00030402, 0x55510001, 0xb12313fd, 0x5c440006, 0xb1570528,
    0x4c212005, 0x012a0a59, 0x4646318b, 0x45453131, 0x08867401, 0x84150521, 0x8631200f, 0x8207820e, 0x7a002965, 0x75011505, 0x0b000306,
    0x4c072561, 0x71831cbb, 0x270bbf4c, 0x4a4a33f7, 0x4a4a3433, 0x32255b83, 0x31324545, 0x2a538346, 0x02020566, 0x001606e8, 0x84210008,
    0x461620d1, 0x5982052d, 0x02850122, 0x7626db82, 0x03101221, 0xd95f190b, 0x23230805, 0x13331335, 0x01272315, 0xabebb117, 0x058eb3ec,
    0x0b010902, 0xaf09f5fe, 0x00020000, 0x02a5042a, 0x5e9c0638, 0x24085b1f, 0x47784831, 0x49487847, 0x77474777, 0x49493549, 0x49493435,
    0x7244a504, 0x44714646, 0x46467144, 0x4a7e4472, 0x22138234, 0x834a3434, 0x07fd4adb, 0xe75f1220, 0x05015505, 0x03002022, 0x0321d782,
    0x2bb18272, 0x01020001, 0x04000069, 0x00590004, 0x62290682, 0x00040105, 0x401b5204, 0x23228321, 0x80010302, 0x95592398, 0x00122f05,
    0x24111111, 0x1a0b0621, 0x0006b12b, 0x46181344, 0x372108e3, 0x05685633, 0x769b233b, 0x372b2b37, 0x625f1e52, 0xfe786f5b, 0x251d695e,
    0x86e61c25, 0x58514d04, 0x2c5b8252, 0x0205062a, 0x00fa0738, 0x001b000f, 0x304d5f31, 0x4f180120, 0xbf5d0ac8, 0x41312010, 0x05850523,
    0x48493436, 0x49493435, 0x72440506, 0x43714645, 0x45467143, 0x497e4472, 0x08052941, 0x00004923, 0xff060001, 0x069604d2, 0x00030000,
    0x0002b306, 0x172b3201, 0x88170127, 0x820e0482, 0xd4055a2e, 0x2621825a, 0x04d3ff52, 0x8d8b0476, 0x6bbd2821, 0x2d6aba03, 0x835e045a,
    0x02322621, 0x0337039c, 0x22094f36, 0x1521352a, 0x02050332, 0x009a9a9c, 0x00325982, 0x84002301, 0x69000a00, 0x02000700, 0x93005200,
    0x16828d00, 0x0c0e0e22, 0x01210f82, 0x08008300, 0x4c003a38, 0x70005e00, 0x94008200, 0xe900a000, 0x95014101, 0xe401a701, 0x25021302,
    0x49023702, 0x84025b02, 0x0903de02, 0x35032303, 0x59034703, 0x9e036b03, 0xf103d303, 0xb1823c04, 0x0488b609, 0x04e804d6, 0x050605fa,
    0x052a0518, 0x0576053c, 0x062006da, 0x06a80685, 0x07f106df, 0x07150703, 0x07550727, 0x08e507a0, 0x08290817, 0x08e60867, 0x09fe08f2,
    0x09150909, 0x092c0921, 0x0a350abf, 0x0ad80a8f, 0x0b5a0be4, 0x0bb90bae, 0x0bd10bc5, 0x0c350cdd, 0x0cf10cbc, 0x0d150dfc, 0x0d2d0d21,
    0x0d440d38, 0x0d700d65, 0x0dc10da7, 0x0e330ed3, 0x0e820e77, 0x0ed70ecc, 0x0eed0ee2, 0x0f050ff9, 0x0f860f11, 0x103c10f8, 0x11e91091,
    0x1175112c, 0x12fb1180, 0x12131207, 0x124c121f, 0x13d81298, 0x131f1314, 0x135a132b, 0x14031496, 0x15d31482, 0x159b1520, 0x160616e1,
    0x16b7164e, 0x174f17f1, 0x18e117bb, 0x19c21855, 0x19991965, 0x1a2b1acc, 0x1aca1aa1, 0x1b1c1bf6, 0x1ca11b42, 0x1d451d01, 0x1d5f1d52,
    0x1d791d6c, 0x1d931d86, 0x1e171ea1, 0x1ea61e8b, 0x1ee41ebf, 0x1f1c1fff, 0x1f4a1f29, 0x1f711f65, 0x1fa31f80, 0x1fcc1fb5, 0x20f21fe3,
    0x20572025, 0x206f2063, 0x20a12087, 0x21fa20cc, 0x2180211f, 0x220822ba, 0x22242216, 0x22402232, 0x225c224e, 0x2278226a, 0x22cc22ac,
    0x233423f5, 0x24012475, 0x25e7249e, 0x25ac2569, 0x264826f1, 0x27ff2677, 0x2886272e, 0x28222807, 0x2880285d, 0x292629c2, 0x2afa295e,
    0x2a7e2a5a, 0x2b4b2be7, 0x2ba02b75, 0x2cf12bc8, 0x2c312c14, 0x2c4f2c40, 0x2c6d2c5e, 0x2c8b2c7c, 0x2ca92c9a, 0x2cc72cb8, 0x2ce52cd6,
    0x2d032df4, 0x2d462d29, 0x2d742d5d, 0x2e582e8b, 0x2e682e60, 0x2e782e70, 0x2e9e2e80, 0x2fe12ec0, 0x08018621, 0x992f5d5c, 0xfe2fc52f,
    0x74303930, 0xd7309f30, 0x6a310f31, 0x0f32c531, 0x66325932, 0x80327332, 0x9a328d32, 0xb432a732, 0xce32c132, 0xe832db32, 0x0233f532,
    0x1f330d33, 0x89335f33, 0xf733ae33, 0x8c344734, 0xae349d34, 0x0100ca34, 0x04000000, 0x16cc4200, 0x0f5fa2f2, 0x0700f53c, 0x00830008,
    0x945de323, 0x28078632, 0xfd17fa49, 0x08aa146c, 0x230f82dd, 0x00020003, 0x05270084, 0x05480140, 0x97340085, 0xf3072103, 0x3c261b82,
    0xd805b400, 0x03847a00, 0xb400c624, 0x0392cf04, 0x2382b920, 0x2382f820, 0xb400f224, 0x03832602, 0x82caff21, 0x860b2007, 0x04d2260b,
    0x05640091, 0x28378260, 0x07b40086, 0x06b4003a, 0x23038607, 0x067a001e, 0x05210396, 0x8223821c, 0x8205201b, 0x2205294f, 0x2a057400,
    0xf4056200, 0x038f6782, 0x0721bf82, 0x24a782e2, 0x05390075, 0x8307826e, 0x00082603, 0x007e047a, 0x2103975a, 0x1b825707, 0x9e00e623,
    0x23038304, 0x04680092, 0xe6200383, 0xaa200782, 0x02250391, 0x041400f6, 0x261782e8, 0x019e00bb, 0x827c00f0, 0x25078203, 0xf001b0ff,
    0x0b86f1ff, 0x0b82b820, 0x0383e620, 0x84640421, 0x029e2623, 0x079e00e0, 0x205f8202, 0x200386ba, 0x893f82cc, 0x04532103, 0x68200b89,
    0x7b828384, 0x82030321, 0x0039282b, 0x00ee046c, 0x829e02b4, 0x206f8273, 0x20038304, 0x871782b0, 0x2b07830b, 0x0636007f, 0x0446008c,
    0x0441005e, 0x03880b82, 0x7e006b2e, 0xa8001605, 0x6800a904, 0x74002205, 0x2808d384, 0x041e0066, 0x056e00e3, 0x037a000c, 0x04600041,
    0x049a00e1, 0x057d00f1, 0x0478002b, 0x048000bf, 0x047a00f6, 0x04620087, 0x820782f3, 0x2705270b, 0x4d026800, 0x0383a000, 0x00170423,
    0x24038252, 0x00eb0266, 0x200382da, 0x20038260, 0x240382e2, 0x0069037b, 0x24038290, 0x00ba077b, 0x331b9b7a, 0x22001105, 0x7800cc05,
    0x2e00e202, 0x0601a902, 0xc0002902, 0x03210b83, 0x823f82ae, 0x16022103, 0x662a6782, 0xba03d200, 0x4e02d200, 0x03828000, 0x0388a020,
    0x0f856a20, 0x00130323, 0x24038264, 0x00a90450, 0x24038264, 0x004b0550, 0x200382ae, 0x200382ed, 0x200382e2, 0x200382c3, 0x200386d2,
    0x200782ce, 0x261fa2a6, 0x00a603e0, 0x82c50300, 0x022808db, 0x29057200, 0x5405c300, 0x50076400, 0xa503a800, 0xa1038200, 0xdc034300,
    0x95014e00, 0x7b035800, 0xd2046000, 0x8c046e00, 0x6f38e782, 0x89036300, 0x91037000, 0x89016700, 0x100370fe, 0x1b024e00, 0xf1024b00,
    0x0d201782, 0x2128a382, 0xfa025b00, 0x0c037400, 0xc6261782, 0x05034700, 0x0b834e00, 0x0019032b, 0x001a0379, 0x00eb0186, 0x24038285,
    0x00d8013c, 0x20038280, 0x293fbf66, 0x4b00c706, 0x4b006b06, 0xbb820e07, 0xe600db26, 0xa8009502, 0x96300382, 0x1401ba04, 0xd400d203,
    0x9b002502, 0xa8000000, 0x96200382, 0xd4200382, 0xe2250382, 0x00004002, 0x2d038202, 0x00007401, 0xca00a207, 0xca00ba0a, 0x07857415,
    0x01a2072a, 0x01ba0a00, 0x01741500, 0x0b851b82, 0x0e211f83, 0x831f8500, 0x2b33b307, 0x1400e105, 0xb4008004, 0x14010000, 0x7a208382,
    0x66200382, 0x2a200382, 0x9f830382, 0x9c042a2e, 0xc9040600, 0x69035200, 0x01003200, 0xc0239782, 0x820012fe, 0x17fa2785, 0xaa1468f7,
    0x008d0008, 0x0023012f, 0x011f0504, 0x00050090, 0x04330500, 0x201d82cd, 0x2b07859a, 0x8c00cd02, 0x00009f02, 0x03050002, 0x02221582,
    0x05820400, 0x06820983, 0x522a0285, 0x00534d53, 0x002000c0, 0x638407ff, 0x01c00723, 0x201982ee, 0x24038201, 0x055e0400, 0x220782d2,
    0x840c0020, 0x0000223b, 0x24078203, 0x00030014, 0x22078401, 0x82a80104, 0x000c3207, 0x00020008, 0x002f0004, 0x007e0039, 0xffff00ac,
    0x263384ff, 0x003a0030, 0x84ae00a0, 0x824a200d, 0x22028311, 0x820c0001, 0x00282406, 0x82c800b0, 0x00fb2c07, 0x00a10085, 0x00760097,
    0x828400f1, 0x0089322b, 0x00bf008a, 0x00a200af, 0x00a3009d, 0x00a40099, 0x2c4f82a6, 0x00ad00ae, 0x008f0087, 0x00090001, 0x083f820a,
    0x12000d9c, 0x14001300, 0x1a001500, 0x1c001b00, 0x1e001d00, 0x27002000, 0x29002800, 0x2b002a00, 0x31002c00, 0x33003200, 0x36003400,
    0x9c008b00, 0xbe008c00, 0xf300bd00, 0x3f003700, 0x43004100, 0x49004400, 0x4b004a00, 0x53004c00, 0x55005400, 0x58005700, 0x61005a00,
    0x63006200, 0x66006400, 0x6d006700, 0x6f006e00, 0x73007000, 0x9a008d00, 0xb3008e00, 0x8600fc00, 0x79007700, 0x78009800, 0xc9009b00,
    0xc200f400, 0xaa00c400, 0xc100bc00, 0xc300f500, 0xcb00b200, 0xf200cc00, 0xd7826900, 0x00a7b908, 0x00ca00f6, 0x00ab00c5, 0x00ee00ef,
    0x008800f0, 0x00050004, 0x00030006, 0x00070002, 0x000b0008, 0x000f000e, 0x00110010, 0x00180017, 0x01160019, 0x001f0018, 0x00250024,
    0x00220026, 0x00b00021, 0x002d0023, 0x002f002e, 0x00350030, 0x00650074, 0x0038003b, 0x003d0039, 0x003c003a, 0x0042003e, 0x00470046,
    0x00450048, 0x0050004f, 0x004e0051, 0x00590075, 0x005f005e, 0x005c0060, 0x00b1005b, 0x006a005d, 0x006c006b, 0x00720068, 0xb0710040,
    0xb0202c00, 0x45585500, 0x4b202059, 0x510e00b8, 0x5306b04b, 0x34b0585a, 0x5928b01b, 0x8a206660, 0x02b05855, 0x08b96125, 0x4b089c82,
    0x62236363, 0xb021211b, 0x00b05900, 0xb2442343, 0x43000100, 0xb02d4260, 0x20b02c01, 0xb02d6660, 0x21232c02, 0xb02d2123, 0x64202c03,
    0x151403b3, 0xb0434200, 0x60204313, 0x02b14260, 0xb1424314, 0xb0430325, 0x78544302, 0x230cb020, 0x432a0882, 0x04b06461, 0x02b27850,
    0x46820202, 0x6521b024, 0x1583211c, 0x150eb226, 0x201c4201, 0x23250a82, 0x0113b242, 0x291b8213, 0x5000b023, 0xb2596558, 0x29830116,
    0x04b02d2a, 0x2b03b02c, 0x584315b0, 0xb0236f83, 0x86434316, 0x201b3e20, 0xc0b02064, 0x2604b050, 0x0128b25a, 0x6345430d, 0x4506b045,
    0x03b02158, 0x5b525925, 0x269c8258, 0x20588a1b, 0x825050b0, 0x59402512, 0x38b0201b, 0x38240983, 0xb1205959, 0x91822d85, 0x12822820,
    0x20220d86, 0x0c8230b0, 0x8330b021, 0x50c02e29, 0x20662058, 0x20618a8a, 0x58500ab0, 0x203b8260, 0x201b8320, 0x2009830a, 0x35098336,
    0x601b6036, 0x1b595959, 0xb02502b0, 0xb063430c, 0xb0585200, 0x2c834b00, 0x0f822120, 0xb04b1b23, 0x2625831e, 0xb8614b1e, 0x82630010,
    0xb8632f11, 0x59620005, 0x59616459, 0x592b01b0, 0xe2852359, 0x64205922, 0x232dcf82, 0xb02d5942, 0x45202c05, 0x2504b020, 0x2ed38261,
    0x58504307, 0x422307b0, 0x422308b0, 0x8221211b, 0x2d602432, 0x842c06b0, 0x2b0328fe, 0x07b16420, 0x83204262, 0x20ee831c, 0x83be851b,
    0x07b02805, 0xb0634560, 0x82212a05, 0x2043241c, 0x828a208a, 0x30b1386b, 0x04b02505, 0x60585126, 0x52611b50, 0x59235859, 0xb0205921,
    0x82585340, 0x211b231b, 0x8a8740b0, 0x07b02d2a, 0x4309b02c, 0x0200b22b, 0x2005e641, 0x3a0e8208, 0x20234223, 0x422300b0, 0x6202b061,
    0x6301b066, 0xb06001b0, 0xb02d2a07, 0x83202c09, 0x430e26ad, 0x0004b863, 0x82228262, 0x604022af, 0x21228359, 0x24824460, 0x0ab02d2c,
    0x0e09b22c, 0x42454300, 0x3842212a, 0x2c0b2108, 0x200d4842, 0x2245850c, 0x82232b01, 0x32fa8217, 0x8a452060, 0x64206123, 0x5020b020,
    0x00b02158, 0x8230b01b, 0x1b202157, 0xa587a482, 0x2503b025, 0x85446123, 0x960d2062, 0x24b0213e, 0x3c823582, 0x348bda88, 0x842c0e21,
    0x0db325d0, 0x4503000c, 0x1b356582, 0x2a592123, 0x0fb02d21, 0x0202b12c, 0x6164b045, 0x10b02d44, 0x29c2822c, 0x0fb02020, 0x00b04a43,
    0x08825850, 0x59422324, 0x0d8310b0, 0x0d825220, 0x0d821020, 0x11b02d22, 0x10214882, 0x24f18362, 0x0004b820, 0x08b88263, 0x4311b027,
    0x608a2060, 0x2311b020, 0xb02d2342, 0x544b2c12, 0x6404b158, 0xb0245944, 0x7823650d, 0x2c13b02d, 0x4b58514b, 0x21148553, 0x1782211b,
    0x17841320, 0xb12c143c, 0x55431200, 0x1212b158, 0x6101b043, 0x2b11b042, 0x4300b059, 0x422502b0, 0x04830fb1, 0x04821020, 0x1601b024,
    0xc9822023, 0xb158502d, 0x60430001, 0x422504b0, 0x83208a8a, 0x2a102376, 0x36822321, 0x1b200b87, 0x32831f85, 0x61250223, 0x201d82b0,
    0x20c98259, 0x23bf8247, 0x02b06047, 0x210dac41, 0xc241b020, 0xb1410814, 0x23130000, 0x4301b044, 0xb23e00b0, 0x43010101, 0xb02d4260,
    0xb1002c15, 0x54450200, 0x2312b058, 0xb0452042, 0xb042230e, 0x07b0230d, 0x60204260, 0x011818b7, 0x13001100, 0x42424200, 0xb020608a,
    0x2e1b8214, 0x14b16101, 0x8bb02b08, 0x59221b2b, 0x8216b02d, 0x2b1527e3, 0x2c17b02d, 0x078301b1, 0xb12c1823, 0x23078302, 0x03b12c19,
    0x1a230783, 0x8304b12c, 0x2c1b2307, 0x078305b1, 0xb12c1c23, 0x23078306, 0x07b12c1d, 0x1e230783, 0x8308b12c, 0x2c1f2307, 0x078309b1,
    0x232c2b24, 0x7f41b020, 0x06b02e05, 0x58544b60, 0xb02e2023, 0x211b5d01, 0x206c8221, 0x201c8a2c, 0x201c8816, 0x201c8571, 0x201c8a2d,
    0x201c8826, 0x251c8572, 0xb0002c20, 0xe7982b0f, 0x6101b023, 0x83ea85b5, 0x20df8be7, 0x20df8221, 0x20df8220, 0x83df8222, 0x82232007,
    0x200783df, 0x83df8224, 0x82252007, 0x200783df, 0x83df8226, 0x82272007, 0x200783df, 0x83df8228, 0x82292007, 0x200783df, 0x83df822a,
    0x2c2e3207, 0x01b03c20, 0x2fb02d60, 0xb060202c, 0x43206018, 0x240e8223, 0x2502b043, 0x35078261, 0x212a2eb0, 0x2c30b02d, 0xb02b2fb0,
    0xb02d2a2f, 0x20202c31, 0xcd412047, 0x61232716, 0x8a202338, 0x219c5855, 0x59211b25, 0x4132b02d, 0xb13407e2, 0x4245060e, 0xb01601b0,
    0x05b12a31, 0x58451501, 0x221b5930, 0x33202082, 0x970a1e41, 0x2c342323, 0xb9843520, 0x4d823520, 0x45204785, 0x22112644, 0x422b01b0,
    0x1783147b, 0xb4160023, 0x27008300, 0x38233e44, 0x150134b1, 0x3623eb83, 0x823c202c, 0x2f3394c0, 0x4300b060, 0xb02d3861, 0x172e2c37,
    0x38b02d3c, 0xb0232a9f, 0x82634301, 0x3933082e, 0x0002b12c, 0x2e202516, 0x00b04720, 0x02b04223, 0x8a8a4925, 0x23472347, 0x62582061,
    0xb059211b, 0xb2422301, 0x15010138, 0xb02d2a14, 0x00b02c3a, 0x8217b016, 0x25042426, 0x842504b0, 0x0cb12f26, 0x0bb04200, 0x8a652b43,
    0x2020232e, 0x53828a3c, 0x268d3b20, 0x842e2021, 0xb0202428, 0x87422306, 0xb0203e2d, 0x20585060, 0x585140b0, 0x052004b3, 0x04b31b20,
    0x591a0526, 0x20234242, 0x20430ab0, 0x827f828a, 0x46232581, 0x4306b060, 0x240fae43, 0x01b02060, 0x0595462b, 0x60430430, 0x05b02364,
    0x50646143, 0x4304b058, 0x0b821b61, 0xb0596024, 0x338f2503, 0x9a826120, 0x2604b028, 0x38614623, 0x6182231b, 0xe7824620, 0x97840682,
    0x64924f82, 0x01228882, 0x7e82232b, 0x6d826020, 0x2505b023, 0x8f038261, 0x24518255, 0x04b02061, 0x20848325, 0x45058203, 0x6b890649,
    0xb02d5923, 0x070b413c, 0x20202025, 0x412605b0, 0x2325060b, 0xb02d383c, 0x231a883d, 0x42230ab0, 0x46221f82, 0x6c824723, 0x82612321,
    0x413e201b, 0xcc830842, 0x29056941, 0x585400b0, 0x233c202e, 0xbd831b21, 0x14850220, 0x8a415482, 0x06b02208, 0x20a58225, 0x0bbb4849,
    0x4205c441, 0x60211179, 0x06ad4123, 0x82212321, 0x8a3f20a4, 0x86432089, 0x602025a2, 0x666020b0, 0xe241f28f, 0x2c402507, 0x462e2023,
    0x46356982, 0x584317b0, 0x59521b50, 0x593c2058, 0x0130b12e, 0xb02d2b14, 0x221d8c41, 0x8c501b52, 0x8c42201d, 0x8b3b871d, 0x24318f4f,
    0x3ab02c43, 0x2e709b2b, 0x3bb02c44, 0x20208a2b, 0x2306b03c, 0x99388a42, 0x06b0252a, 0x30b02e43, 0x4520a282, 0x0424f284, 0x2604b025,
    0x24057941, 0x230cb061, 0x05a94242, 0x430bb022, 0x3c246d82, 0x38232e20, 0x462ad086, 0x040ab12c, 0x00b04225, 0x3283b016, 0xd2422520,
    0x4247202d, 0xb02447c5, 0x61462502, 0x3c26dd82, 0x211b3823, 0x2f422020, 0x59212108, 0x4725a786, 0x3a00b12c, 0x0786412b, 0x0d824820,
    0x212b3b23, 0x06174123, 0x0241cd86, 0x2c492408, 0x431500b0, 0xb22d05f6, 0x15010100, 0xb02e1314, 0xb02d2a36, 0x2817964a, 0x00b12c4b,
    0xb0131401, 0x23238237, 0x39b02c4c, 0x4d200682, 0x16292a82, 0x2e202345, 0x238a4620, 0x072d4161, 0xb02c4e30, 0xb042230a, 0xb02d2b4d,
    0x00b22c4f, 0x08824600, 0x08825020, 0x08830120, 0xb22c5123, 0x20118401, 0x84088252, 0x82532011, 0x4700211a, 0x54202382, 0x01200882,
    0x55200883, 0x11841a82, 0x08825620, 0x57261184, 0x0000b32c, 0x24824300, 0x09825820, 0x09840120, 0xb32c5923, 0x20138501, 0x8509825a,
    0x825b2013, 0x0100221d, 0x20278243, 0x2009825c, 0x20098401, 0x851d825d, 0x825e2013, 0x20138509, 0x216a825f, 0x26824500, 0x08826020,
    0x08830120, 0x6a826120, 0x62201184, 0x11840882, 0x1a826320, 0x82480021, 0x82642023, 0x83012008, 0x82652008, 0x2011841a, 0x84088266,
    0x84672011, 0x82442097, 0x84682024, 0x20098397, 0x83978469, 0x846a2009, 0x20098397, 0x8397846b, 0x846c2009, 0x20098397, 0x8397846d,
    0x846e2009, 0x24098397, 0x00b12c6f, 0x08c0413c, 0x0d847020, 0x8240b021, 0x8571205e, 0x8241200a, 0x2c72240a, 0x831600b0, 0x42b02126,
    0x73250d82, 0x3c01b12c, 0x2023842b, 0x830a8574, 0x84752023, 0x83188323, 0x82762023, 0x883d203c, 0x84772055, 0x2031840d, 0x200a8578,
    0x20478241, 0x830a8579, 0x827a202e, 0x853d2047, 0x857b2052, 0x2020830a, 0x830a857c, 0x827d2020, 0x883e202b, 0x847e204f, 0x204f840d,
    0x830a857f, 0x8580202e, 0x8242200a, 0x8281205a, 0x853e2039, 0x8582204f, 0x2020830a, 0x830a8583, 0x82842020, 0x883f202b, 0x8485204f,
    0x204f840d, 0x200a8586, 0x20448241, 0x830a8587, 0x8288202e, 0x853f2039, 0x8589204f, 0x2020830a, 0x830a858a, 0x8b210820, 0x000bb22c,
    0x58504503, 0xb21b06b0, 0x45030204, 0x1b212358, 0x42595921, 0x6508b02b, 0x502403b0, 0x07d04778, 0x4b002d2e, 0x52c800b8, 0x0101b158,
    0x01b0598e, 0x3005f24d, 0x0700b170, 0x7f094042, 0x434f5f6f, 0x00072737, 0x300f842a, 0x64087410, 0x48085408, 0x2c063c06, 0x07071e08,
    0x2d16860a, 0x066c067c, 0x044e065c, 0x06340442, 0x16840525, 0x41420e35, 0x19401d09, 0x12401540, 0x0b400f40, 0x00c00740, 0x820b0007,
    0x8215202f, 0x40002118, 0x1883018c, 0x0300b92f, 0xb1440000, 0x51880124, 0x8840b058, 0x200f8658, 0x220f8328, 0x870008b8, 0x1b592310,
    0x128327b1, 0x8008ba29, 0x40040100, 0x86546388, 0x83592029, 0x40250800, 0x66067610, 0x4a065606, 0x2e043e04, 0x07052006, 0x01b82a0e,
    0x04b085ff, 0x0002b18d, 0x6405b344, 0x44440006, 0x3a00b800, 0x00b600b6, 0x05a100a1, 0x040000d2, 0xfe00005e, 0xffe6055e, 0xff6c04ec,
    0x8256fee8, 0x271b8619, 0xd205f0ff, 0xf0ff5e04, 0x05211d85, 0x821f82ea, 0xaf00210b, 0x81320182, 0xfe018100, 0xd2fe3d01, 0x3302eefd,
    0xc7fe4301, 0x1787e9fd, 0x05ae062f, 0x028203ed, 0x05e3069e, 0x027703f3, 0x224f8999, 0x82050000, 0x216d874f, 0x6f860306, 0xfe214f88,
    0x225388d2, 0x86c8fe08, 0x89ee2057, 0x82032157, 0xb8225b88, 0x5f887803, 0x0700002e, 0x03005a00, 0x09040100, 0x50000000, 0x0b850382,
    0x0a000122, 0x0b850d82, 0x0e000222, 0x03242388, 0x68004c00, 0x04242f86, 0xb4001a00, 0x05240b86, 0xce003600, 0x06320b86, 0x04011a00,
    0x6f004300, 0x79007000, 0x69007200, 0x33826700, 0x20007428, 0x30003200, 0x29823100, 0x54002022, 0x65201182, 0x49261182, 0x74006e00,
    0x25826500, 0x6f822020, 0x33827220, 0x0d826a20, 0x13826320, 0x41002024, 0x07827500, 0x13826820, 0x73007223, 0x20298900, 0x20218252,
    0x221b8267, 0x8261006c, 0x00342237, 0x8355822e, 0x823b2057, 0x82692067, 0x002d2231, 0x20698239, 0x20698232, 0x2c298262, 0x00640065,
    0x003b0033, 0x00530052, 0x2003824d, 0x20498a3b, 0x2015822d, 0x21358265, 0x4b850075, 0x20206389, 0x5620198e, 0x7320a384, 0x6f20cb82,
    0x2021b182, 0x8975a500, 0x21698f4f, 0x00840003, 0x00a4fe23, 0x8f08848c, 0x00012804, 0x00ffff01, 0x8201000f, 0x820c2018, 0x22028303,
    0x82140002, 0x823f200f, 0x00412203, 0x2205824c, 0x8251004e, 0x82542005, 0x000124df, 0x82680066, 0x006a220b, 0x22058273, 0x82770076,
    0x007a2205, 0x2205827a, 0x827d007c, 0x828b2005, 0x00012465, 0x82930092, 0x00c4220b, 0x220582c5, 0x82cc00cb, 0x00ce2205, 0x220582ce,
    0x82d100d0, 0x00de2205, 0x220582de, 0x82e100e0, 0x00ee2205, 0x280582ee, 0x00f000f0, 0x01180101, 0x200b8219, 0x08808201, 0x3c000a20,
    0x04005e00, 0x544c4644, 0x79631a00, 0x26006c72, 0x6b657267, 0x616c2600, 0x26006e74, 0x23820400, 0xb5820020, 0x0b8abb82, 0x02000028,
    0x6e72656b, 0x05840e00, 0x23821620, 0xd5840220, 0x23820020, 0x0d820120, 0x02300383, 0x20000600, 0x08000900, 0x0a000200, 0x01001200,
    0x00220782, 0x0785e60f, 0x820a1421, 0x8208200d, 0x010a2203, 0x221182ac, 0x82040046, 0x001e2a35, 0x00ca0086, 0x00a20094, 0x2c0782b0,
    0x01e600d0, 0x01ec0054, 0x004e014e, 0x260182f2, 0x010201fc, 0x825a010c, 0x014e2201, 0x2e058254, 0x016a0164, 0x017e0174, 0x018a0184,
    0x829c019c, 0x001e2e57, 0x007a0069, 0x0080007f, 0x00830081, 0x264d8284, 0x009c008f, 0x82a100a0, 0xa32c0851, 0xad00a700, 0xbe00bd00,
    0xc100bf00, 0xc300c200, 0xd500cd00, 0xe000de00, 0xe500e100, 0xed00ec00, 0xac000300, 0xbc00afff, 0xbd00bbff, 0x03260382, 0xc9ffa200,
    0x0382a300, 0xf5ffc122, 0xa2201b82, 0xa3201382, 0xa3201b84, 0x7f24d782, 0x8300ecff, 0x84260382, 0x9700a3ff, 0x39828cff, 0xbd004624,
    0x8382bbfe, 0x1182bd20, 0x9c000526, 0xa00080ff, 0xa1202d82, 0xc1240382, 0xe600d2ff, 0x01201582, 0x21831582, 0x9cff9c22, 0x7f22f782,
    0x4182e3ff, 0x3182f220, 0x75829c20, 0x81000224, 0x1f8269ff, 0x10006924, 0x2b827a00, 0x23ff7b24, 0x07827d00, 0x5b827e20, 0x07827f20,
    0x03828020, 0x03828220, 0x03828320, 0x2f828f20, 0x45009a22, 0x5e262d82, 0x75ffbe00, 0x0382bf00, 0x1382c220, 0x0782c320, 0x6784c820,
    0x75828420, 0xc5820120, 0x6782af20, 0xbd200b83, 0x01241982, 0x1400d300, 0xd3200f82, 0xd720cd82, 0x02260382, 0xe2ffec00, 0x0382ed00,
    0xcd000124, 0x87821e00, 0x9182cd20, 0xcd000428, 0xe2003dff, 0x1d82b8ff, 0x1d82b020, 0x1782b020, 0x2382de20, 0x080b022f, 0x00000400,
    0xe80ca00b, 0x27002400, 0x2100a600, 0x2889deff, 0x00e9ff25, 0x8a98ff00, 0x83d2200f, 0x83a9820b, 0x8203b406, 0x9537b4d5, 0xafff2134,
    0x15bc1795, 0x3dbc5d20, 0xff223c88, 0x009c0080, 0x00a6ff25, 0x8758ff00, 0x4cff2322, 0x0b87ccff, 0xff230783, 0x834fff98, 0x21038307,
    0x0584c9ff, 0x0583d220, 0xff210383, 0x850583e3, 0xbbff2103, 0xbb242982, 0xbaff0000, 0x5e200382, 0x05820385, 0x1f827b88, 0x9c201d83,
    0x2207b341, 0x82006fff, 0x74ff2100, 0x46220584, 0x0783f6ff, 0x28200382, 0x028c0382, 0x108c9d83, 0xff210c94, 0x824784f5, 0x87078361,
    0x11954103, 0xff21e783, 0x831f87e2, 0x1f1d4107, 0x03992383, 0xff214b85, 0x882193e9, 0x421d84e9, 0x2d940bbd, 0x90fee921, 0xa3ff2145,
    0x13a92993, 0x3fa99795, 0x914129e7, 0x0000230d, 0x79cdbaff, 0xff214fab, 0x907b83d2, 0x0e594291, 0x03f12383, 0x9d0d9943, 0xecff217f,
    0xff211f89, 0x930b89d8, 0x93ed8f09, 0x21138b23, 0x0d8beaff, 0xed420b85, 0x21699505, 0x1787b0ff, 0x8505a743, 0xc705bb31, 0x9583bb47,
    0x0973443b, 0x00a3ff25, 0x4180ff00, 0x00200517, 0x01440082, 0x1f074405, 0x02982882, 0x9860ff21, 0x2018bb1a, 0x413c9532, 0xff210563,
    0x211d8bc6, 0x0d8b9bff, 0xff210bfb, 0x237d8f23, 0x00008cff, 0x903b1148, 0x8f74204f, 0x200f9411, 0x4615876e, 0x1987116d, 0xeb4707a2,
    0x83c18d08, 0x42ff200d, 0x6983083b, 0x00e0ff25, 0x4789ff00, 0x15830b59, 0x2f490383, 0x0a934705, 0x83104b47, 0x21038925, 0x3584b0ff,
    0x0000ee24, 0x0983bfff, 0xff21038f, 0x211183ed, 0x0583f0ff, 0x16200384, 0x048c0584, 0x498cf3bc, 0xed830c95, 0x15b51995, 0xed82ff20,
    0x35c239b5, 0x00013408, 0x0069004a, 0x00770076, 0x007b007a, 0x007d007c, 0x0081007e, 0x00830082, 0x00880087, 0x008a0089, 0x008c008b,
    0x008e008d, 0x0099008f, 0x009c009a, 0x4c9e009d, 0x26080881, 0x00a600a4, 0x00aa00a7, 0x00ae00ab, 0x00b000af, 0x00b200b1, 0x00b600b3,
    0x00b800b7, 0x00ba00b9, 0x00be00bb, 0x4cc000bf, 0x2e08069f, 0x00cb00c8, 0x00ce00cd, 0x00d200d0, 0x00d700d5, 0x00dd00dc, 0x00e600df,
    0x00ed00ec, 0x01ff00fe, 0x01010100, 0x010c010b, 0x000e010d, 0x82360002, 0x00692297, 0x229b821d, 0x821a0076, 0x0077229f, 0x22a38209,
    0x8211007a, 0x007b22a7, 0x22ab8203, 0x8221007c, 0x007d22af, 0x22b3820f, 0x8213007e, 0x008122b7, 0x20bb821e, 0x20118282, 0x20c18283,
    0x22c38211, 0x82100087, 0x008822c7, 0x22cb8217, 0x820b0089, 0x008a22cf, 0x20d3820c, 0x220b828b, 0x828c008c, 0x828d200b, 0x000b22dd,
    0x2001828e, 0x22e3820c, 0x8207008f, 0x009922e7, 0x20eb8220, 0x2065829a, 0x20f1829c, 0x28ef8406, 0x00a20008, 0x000500a3, 0x200182a4,
    0x24f78204, 0x000400a6, 0x220182aa, 0x82ab0015, 0x00162201, 0x220182ae, 0x82b00001, 0x00022201, 0x220182b2, 0x82b60001, 0x00012201,
    0x220182b8, 0x82ba0002, 0x00012801, 0x00bf00be, 0x82c0000a, 0x00022201, 0x220182c1, 0x82c20019, 0x00072201, 0x220182c3, 0x82c8000a,
    0x00032201, 0x220182cb, 0x82cd0023, 0x001c2201, 0x220182ce, 0x82d00012, 0x00222201, 0x220182d2, 0x82d50014, 0x001f2201, 0x280182d7,
    0x00dc0012, 0x000d00dd, 0x220182df, 0x82e60018, 0x001b2701, 0x00ed00ec, 0x0082010e, 0x01010027, 0x000e010e, 0x24018201, 0x009e0069,
    0x1a294221, 0x83000821, 0x000d2800, 0x00250015, 0x820f001a, 0x000d240c, 0x821d0022, 0x22028507, 0x8213000c, 0x880a2008, 0x82052003,
    0x20028f09, 0x20108424, 0x226f841c, 0x82070000, 0x00062401, 0x84040006, 0x84012001, 0x0011221b, 0x20078412, 0x20238202, 0x83038203,
    0x83108307, 0x830f8707, 0x00092829, 0x00030009, 0x82050019, 0x831f8307, 0x82142003, 0x00182204, 0x24058226, 0x000e0020, 0x22078216,
    0x8210001b, 0x000e2405, 0x821e0023, 0x22028707, 0x820b000b, 0x8217200a, 0x20028903, 0xac0a891f, 0x84012009, 0x000221cb, 0x88229f83,
    0x3b820400, 0x1c043f22, 0x01270183, 0x0180010a, 0x85220114, 0x2505870d, 0x1c043c01, 0x19824601, 0x03868020, 0xa4018626, 0xc001b201,
    0xda2a0182, 0xea01e401, 0xfa01f401, 0x01832203, 0x02040225, 0x8814020e, 0x02282401, 0x84280222, 0x02322e01, 0x02820270, 0x02ce02bc,
    0x03fe02e8, 0x222b821c, 0x86160428, 0x041c2801, 0x00010022, 0x820a003f, 0x0c2108e1, 0x1a001200, 0x1c001b00, 0x21002000, 0x23002200,
    0x25002400, 0x27002600, 0x2b002800, 0x2d002c00, 0x05796300, 0x00312008, 0x00330032, 0x00350034, 0x00490036, 0x0051004e, 0x00590054,
    0x005c005b, 0x00660063, 0x63680067, 0x2b080663, 0x006e006d, 0x00710070, 0x00740072, 0x00840078, 0x009c0086, 0x00ad00a7, 0x00bc00b0,
    0x00c400bd, 0x00c600c5, 0x011801c7, 0x00020019, 0x32052f50, 0x000300bb, 0x00a3ffa7, 0x0075ffac, 0x0098ffbc, 0x829d0006, 0xffa72c05,
    0xffb30080, 0xfebc00af, 0x82bf00f5, 0x82c32007, 0x00022221, 0x06655084, 0x3a000e22, 0x3d201382, 0x45200382, 0x5b202b82, 0x5c200382,
    0x68200382, 0x69240382, 0x71002fff, 0x29832582, 0x0f829920, 0x2382a520, 0x5effa722, 0x5e265d82, 0x8cffbd00, 0x05820100, 0x07009822,
    0x5c203f84, 0x84205382, 0xaf206b84, 0x69201f82, 0x80207d82, 0x5e201d82, 0x15858f82, 0x1584bb20, 0x8c209d87, 0x3a229d86, 0x87829cff,
    0xb3828020, 0x1f829820, 0xb0002f22, 0xb7834582, 0x11820220, 0x80203183, 0xe3206384, 0x4f24df82, 0x51004500, 0x01220382, 0x05824e00,
    0x2d820220, 0x43825220, 0x19827520, 0x20074951, 0x20138201, 0x0e5951c6, 0xe5840120, 0xbb202d83, 0x0f268d84, 0xafff0100, 0x03820200,
    0x03820320, 0x03820420, 0x03820520, 0x03820620, 0x03820720, 0x03820820, 0x03821a20, 0xdb822b20, 0xcb823120, 0x0b823620, 0x07829c20,
    0x2fffa224, 0x0382a300, 0x4c000422, 0x4f207b82, 0x50200382, 0x0e218d86, 0x222b8500, 0x82320080, 0xff34242b, 0x82350069, 0xff6d2403,
    0x826e00bb, 0x82702003, 0x82712003, 0x82722003, 0x82c42003, 0x82c5201f, 0x82c62003, 0x82c72003, 0x82042003, 0x00752239, 0x22198231,
    0x8275ff34, 0x00752235, 0x20118206, 0x221182af, 0x826d009c, 0x82702073, 0x82712003, 0x82722003, 0x82052003, 0x825e2019, 0x00af2619,
    0x00a3ff33, 0x20118234, 0x20038235, 0x20158607, 0x207b8269, 0x20198269, 0x2019828c, 0x26498246, 0xff360046, 0x84010080, 0x24058399,
    0x003b0098, 0x20af8209, 0x2075820a, 0x2003820b, 0x200b820c, 0x2003820d, 0x2003820e, 0x2003820f, 0x20038210, 0x20038211, 0x20038212,
    0x201f8213, 0x20078214, 0x20038215, 0x20038217, 0x20038218, 0x2003821b, 0x2003821c, 0x2003821d, 0x2003821e, 0x2003821f, 0x20278220,
    0x20038221, 0x20038222, 0x20038223, 0x20038224, 0x20038225, 0x20038226, 0x201f8227, 0x20078228, 0x24078229, 0x008cff2b, 0x200b822c,
    0x2003822d, 0x2003822e, 0x2003822f, 0x24038230, 0x005eff31, 0x201f823f, 0x20038240, 0x4103824b, 0x53240f57, 0x5400c500, 0x55201782,
    0x56200382, 0x57200382, 0x58200382, 0x59200382, 0x61200382, 0x63200382, 0x65200382, 0x6d200382, 0x70204782, 0x71200382, 0x72200382,
    0x74200382, 0x01221382, 0x61828400, 0x24079352, 0x00bbff34, 0x2f038235, 0x00901d02, 0x1e000004, 0x00662030, 0x003b0040, 0xa944008b,
    0x8b0a2007, 0x200b9a14, 0x8b1b9a78, 0x8645201a, 0x1299510c, 0x00229182, 0x1f831400, 0x00d8ff25, 0x4b52ff00, 0x414b09ab, 0xe2ff2109,
    0x98221982, 0x0582d2ff, 0x074cdb20, 0xe2ff210d, 0x00203f84, 0x210db14f, 0x0f85bbff, 0x63832b8d, 0x5b840391, 0x4f516920, 0x201d9205,
    0xa4138598, 0xffaf2249, 0xa32d83ef, 0x2227842b, 0x4a98ff8c, 0x61415007, 0x0b0d4b06, 0x230dc54f, 0xc3ffbbff, 0x03837d83, 0x1383198f,
    0x3f520387, 0x1339521f, 0x5982cd89, 0xbb4e1e20, 0xd8ff2905, 0x000075ff, 0x52ff69ff, 0x0b209382, 0x51091b41, 0x742008e5, 0xff237183,
    0x508cff75, 0xff230bbf, 0x8269ff5e, 0x825e200f, 0x00802103, 0xb5820082, 0x9cffbb22, 0xfd520582, 0x84282013, 0x09b74f21, 0x2405bd42,
    0xffecff28, 0x203182e0, 0x871d83d8, 0x05174203, 0x4f140021, 0x1e2006e5, 0x1e840786, 0x83ceff21, 0x4c118906, 0x18830a11, 0x19890020,
    0x04bd0e84, 0x3ebd9720, 0xd98ca984, 0x03a31183, 0xa30b1942, 0x5969842f, 0x1a831559, 0x822003a3, 0x239624a3, 0xdeff2028, 0x00002000,
    0x0583afff, 0x0d822384, 0x8c200f82, 0x14201182, 0x00210f84, 0x20118500, 0x830d82bb, 0x20038309, 0x240b8211, 0xff000045, 0x20038280,
    0x571f868c, 0x00200a15, 0x39430093, 0x420a200b, 0x752206bb, 0x61551e00, 0xff002208, 0x200182bb, 0x825182af, 0x45408203, 0xff211823,
    0x202382a6, 0x05f54980, 0x2d824785, 0xeb430282, 0x8cff211b, 0x00242082, 0xb0ff63ff, 0x69246382, 0x6fff0000, 0xff212d85, 0x25178275,
    0xff5eff28, 0xa945ffc6, 0x55478b08, 0x25560785, 0x82bb2006, 0x2102822d, 0x048263ff, 0xff230284, 0x8546ff75, 0x059b4423, 0x04841484,
    0xff2c4589, 0xff8cff60, 0xff52ffc3, 0xff6aff2f, 0x80207b83, 0x28220582, 0x0b840000, 0x0d825186, 0x57550982, 0x80ff2105, 0x80246d82,
    0xba000000, 0x15833582, 0x0b824620, 0xb9450282, 0x221d8207, 0x45f5fe75, 0xff211505, 0x20cb8269, 0x942c825e, 0x821d8202, 0x851a937f,
    0x93858579, 0x85138d1f, 0x190556eb, 0x440d0343, 0x4185056b, 0x200e1145, 0x06d55498, 0x82060546, 0x3a59567f, 0x21091141, 0x4982afff,
    0x9f893b20, 0x210d2b41, 0x9f8575ff, 0x8505b741, 0x4205c997, 0x31450acf, 0x475e8d09, 0x208d12a5, 0xdf420db1, 0x20379c05, 0x9e1d9c45,
    0x1589551c, 0x9e0de741, 0x951e8442, 0x921a8447, 0x412d8904, 0xcf200a55, 0x12842892, 0x8144ff20, 0x0e614109, 0x338a7599, 0x04834384,
    0x43afff21, 0xff210907, 0x820b82bb, 0x2417840f, 0xff200023, 0x07a546bb, 0xff21fb8d, 0x20218280, 0x86138eae, 0x423b8437, 0x898706e1,
    0x09434591, 0x8b2b8305, 0x8cff2103, 0x8b196543, 0x890b8927, 0xa3ff2147, 0x890df742, 0x23098923, 0x0000c6ff, 0x42059343, 0xff210b41,
    0x211383af, 0xa58898ff, 0x43129543, 0x47820ec9, 0xff215583, 0x863b82ba, 0xf2ff21f7, 0x21059d45, 0xa545ecff, 0xb825830b, 0x84282003,
    0x843a2039, 0x9904b605, 0x18bb578b, 0x833c3943, 0xc6ff23a6, 0x97410000, 0x75ff2107, 0xbb240b82, 0x52ff3bff, 0x03871983, 0x8208ad49,
    0x4113881d, 0x00290653, 0xff46ff00, 0xfe00003b, 0x281988f5, 0xff000080, 0xffa3ff4c, 0x2011835b, 0x203384ff, 0x0c0f57fe, 0x00211783,
    0x0e8f4200, 0x0f89a320, 0x470d5542, 0x49851b39, 0x854205bb, 0x875dbb21, 0x0d3f433b, 0x4bd2ff21, 0x37410a85, 0x8a2b8308, 0x28d74127,
    0x45835b8d, 0x5f410385, 0x5f13860d, 0x25441f71, 0x9935850e, 0x8719854f, 0xc4ff2105, 0xff230983, 0x56baffbb, 0x9b820781, 0x00001422,
    0x200e0d59, 0x882583d2, 0x821e2003, 0x82d12009, 0x828c2023, 0xff802203, 0x200d82b0, 0x84478500, 0x41802009, 0x578d1bfd, 0x82057349,
    0x189b4935, 0x028b1b82, 0x8b2fbf4e, 0x0831433b, 0x2f580020, 0x80ff210c, 0xd942f182, 0x8b368c0e, 0x4139840c, 0xb1410bbd, 0x23308b13,
    0xdbff0000, 0x85610f83, 0x11c3420f, 0xff214993, 0x05654169, 0x47844184, 0x2228d741, 0x85baff98, 0x8569873b, 0x480d835f, 0x278415a7,
    0x5f833220, 0x003bff23, 0x08a74a00, 0x20094949, 0x211348bb, 0xbb225d84, 0x3f8274ff, 0x17443786, 0x42758d05, 0x1e20081f, 0xae226788,
    0x7584bbff, 0x00207982, 0x210a055a, 0x1782ecff, 0x820dcb4c, 0x86208233, 0x9cff2102, 0xf5202d84, 0x894a0584, 0x0d934410, 0x03912383,
    0xa94b8b83, 0x18af4507, 0x00223691, 0xb14c7800, 0x20058205, 0x89038268, 0x82ba2002, 0x073f4d0a, 0x28007822, 0x11850d82, 0x0982ae20,
    0x01210284, 0x83068454, 0x83512004, 0x48039204, 0x3388076d, 0x06824586, 0xff200295, 0x9518a14b, 0x4215c52f, 0x598313b1, 0x83155f42,
    0x5003b119, 0x374d0fd5, 0xad47b105, 0x130d5131, 0x0b204182, 0x028e0382, 0x51058752, 0x1a8b050d, 0x8d42ff20, 0xb61d8b10, 0x3ca7480b,
    0xff277393, 0x00c4ffaf, 0x8246ff00, 0xffce2203, 0x0fdf47bb, 0xeb41318b, 0xafff2311, 0xd5440000, 0x1bf14507, 0x418f4587, 0x520eef49,
    0x4d8726e5, 0x294b07b1, 0x39294305, 0x8747fe20, 0x8592941f, 0x390d42f5, 0x3d413987, 0x8e6c940f, 0x3da95514, 0x8e1b0d42, 0x210e8a68,
    0x6141e9ff, 0x09315139, 0x0aa0508a, 0x9e0d4956, 0x5041432e, 0x154c6f97, 0xa9319719, 0x4b5f4517, 0x298275a9, 0x560a7b47, 0xa5501aaf,
    0xb1408217, 0x0df74202, 0x4980ff21, 0x53b11137, 0x758931a1, 0xff220983, 0xf14bfe46, 0x07e94408, 0xf5642185, 0x10a34805, 0x21a460a1,
    0x870f334a, 0x08b75334, 0x11876a20, 0x27ab0740, 0x0000c6ff, 0x6ffff5ff, 0x076a0582, 0xe9ff2106, 0x210beb54, 0xcd9df2ff, 0x9d054f6b,
    0x531da723, 0xff22655b, 0x194e0046, 0x21b98d28, 0x0f8d18ff, 0xff210db9, 0x5f39438c, 0x8398ff21, 0x23ff2161, 0x48097355, 0xd94a2315,
    0x35fd4509, 0x02823f82, 0x8205095a, 0x4502b008, 0x0226324b, 0x01001a00, 0x6a824c00, 0x51004e22, 0x53320782, 0x50007300, 0x77007500,
    0x7a007100, 0x74007b00, 0x01827d00, 0x81007624, 0x13828300, 0x89008722, 0x8b221582, 0x13828b00, 0x8d008d2c, 0x8f007e00, 0x7f009000,
    0x01829200, 0x94008122, 0x82240182, 0x9a009900, 0x9c2e2b82, 0x85009e00, 0xa400a000, 0xa6008800, 0x2b82a700, 0xab00aa22, 0xae322d82,
    0x9100b300, 0xbb00b600, 0xbe009700, 0x9d00c800, 0x0182ca00, 0xe600a822, 0xa9320182, 0x0101fe00, 0x0b01aa00, 0xae000e01, 0x18011801,
    0x9b82b200, 0x07820120, 0x8b000521, 0x00072401, 0x82190012, 0x00042201, 0x20018807, 0x068f632c, 0x24056342, 0x00080018, 0x82d98215,
    0x210282d6, 0x018b0004, 0x0d822520, 0x11001424, 0x23820d00, 0x03860820, 0x23002426, 0x0c001700, 0x1e220182, 0x018c0200, 0x01002722,
    0x00200186, 0x01240988, 0x1c001f00, 0x09202582, 0x26225b82, 0x01840900, 0x05820020, 0x0f821620, 0x17820020, 0x03820220, 0x07873587,
    0x0a001c24, 0xb7820e00, 0x03000622, 0x3d200182, 0x03260584, 0x22000b00, 0x05822100, 0x03820b20, 0x3d821320, 0x3b000124, 0x07823000,
    0x35000024, 0x07822000, 0x03823320, 0x3e220283, 0x11823300, 0x2405d35e, 0x00380034, 0x870a8232, 0x002d2203, 0x870d822b, 0x820a8203,
    0x843f2002, 0x002a223d, 0x2201820f, 0x822e0000, 0x00292401, 0x82280029, 0x84282019, 0x00002411, 0x82370036, 0x0000220d, 0x200f8210,
    0x8303821b, 0x8f108307, 0x0031280f, 0x001b0031, 0x822d003a, 0x002f2107, 0x99830185, 0x2c833920, 0x3c2003b2, 0xc18333ae, 0xa5820f20,
    0x19993691, 0x35420420, 0x82052014, 0x00042115, 0xc9411b84, 0x200f850a, 0x22118414, 0x8c220014, 0x0b354219, 0x39840120, 0x0d001124,
    0x01880900, 0x1d001926, 0x0c001200, 0x16200182, 0x42088742, 0x01200791, 0x49424982, 0x0002240d, 0x82020023, 0x820f2015, 0x001e21ca,
    0x0022bd85, 0x71861800, 0x83000321, 0x20318d01, 0x222f8203, 0x820b0003, 0x00062221, 0x20018208, 0x26058438, 0x000a0008, 0x821a001c,
    0x820a2005, 0x84172003, 0x00342267, 0x24558226, 0x002a0000, 0x2207822f, 0x822b0031, 0x002a2205, 0x08334239, 0x29000022, 0x00221182,
    0x05822800, 0x1f200385, 0x21200982, 0x0a82038a, 0x003a0023, 0x22068213, 0x820e0033, 0x00002201, 0x24018224, 0x00200020, 0x2001841b,
    0x2419820e, 0x002c0000, 0x2007842d, 0x20218210, 0x83038215, 0x83108307, 0x830f8707, 0x00272829, 0x00150027, 0x821f0030, 0x00252107,
    0x2e200185, 0x03842883, 0x84057942, 0x2004a60a, 0x8f27a636, 0x22c98326, 0x4210000e, 0x2b8f143f, 0x77003221, 0x4430051b, 0x0200a000,
    0x544c4644, 0x616c0e00, 0x12006e74, 0x0030e782, 0x01000a00, 0x20544143, 0x00001800, 0x0400ffff, 0x01223c82, 0x07830200, 0x05200d82,
    0x03200d86, 0x053e0f82, 0x746c6163, 0x6e642000, 0x2c006d6f, 0x63617266, 0x6f6c3200, 0x50006c63, 0x726d756e, 0x29825600, 0x1f000428,
    0x23002000, 0x35842400, 0x0d3a4983, 0x07000500, 0x0b000900, 0x0f000d00, 0x13001100, 0x17001500, 0x1b001900, 0x23841d00, 0x00390482,
    0x00030001, 0x004e0026, 0x00b00090, 0x011605d0, 0x034c032a, 0x03c40460, 0x2003827a, 0x20038296, 0x200382b4, 0x240382d4, 0x04c404f6,
    0x2003821a, 0x20038240, 0x20038268, 0x36038292, 0x051605f2, 0x05860544, 0x07da069a, 0x07560736, 0x0f18097e, 0x820600b8, 0x00012456,
    0x82010008, 0x820220db, 0x822620e5, 0x00022409, 0x8255001c, 0x82042007, 0x0002221b, 0x200982a7, 0x2203821c, 0x8c020000, 0x20218313,
    0x85118600, 0x82122041, 0x2049830d, 0x85e18204, 0x82012037, 0x88042047, 0x211f8861, 0x4b821901, 0x01205783, 0x01206982, 0x02221f86,
    0x7f822a00, 0x00c62408, 0x00de00c7, 0x00e000df, 0x00e200e1, 0x00e400e3, 0x00e600e5, 0x00ea00e7, 0x00ed00eb, 0x00e900ec, 0x820100e8,
    0x004c2327, 0x896b0058, 0x05f97709, 0x8300822e, 0x8a008900, 0xa300a200, 0xaf00ae00, 0x0226db88, 0x18002802, 0x03821000, 0x00000224,
    0x3f823a00, 0x03829920, 0x83820120, 0x43820520, 0x0b828320, 0x01223583, 0x01829900, 0x3d840220, 0x3f840120, 0x00012e08, 0x002c0015,
    0x0068004a, 0x00a00084, 0x00d400ba, 0x010401ec, 0x0130011a, 0x01580144, 0x017c016a, 0x019c018c, 0x01b801aa, 0x00d001c4, 0x0a35440b,
    0x2009f745, 0x82158202, 0x20028274, 0x22219801, 0x920a0000, 0x95398b3b, 0x0000221f, 0x8b379009, 0x221d9335, 0x8e080000, 0x91318b33,
    0x0000221b, 0x8b2f8c07, 0x22198f2d, 0x8a060000, 0x8d298b2b, 0x00002217, 0x8b278805, 0x20158b25, 0x08a34500, 0x0420218b, 0x02243786,
    0x03000000, 0x1d8b0b84, 0xa9421187, 0x83198b05, 0x0002210b, 0x200bbb47, 0x210d8201, 0x05830006, 0x2205bb42, 0x84340006, 0x4299204f,
    0x03200835, 0x01262182, 0x0100f801, 0x27845601, 0x198e0820, 0x0200de26, 0x3c01fa01, 0x0a201b84, 0xc2241b8e, 0xde010300, 0x20200182,
    0x0c201d84, 0xa4241d8e, 0xc0010400, 0xa3850184, 0x1f8e0e20, 0x05008424, 0x0185a001, 0x84e20021, 0x8e102041, 0x00622421, 0x877e0106,
    0xc0002101, 0x12202384, 0x3e24238e, 0x5a010700, 0x00210189, 0x2025849c, 0x24258e14, 0x01080018, 0x21018b34, 0x27847600, 0x278d1620,
    0x00f00025, 0x8d0c0109, 0x4e002101, 0x18202984, 0xc622298e, 0xb5820a00, 0x038ee220, 0x2b842420, 0x05821a20, 0xcd000122, 0x24087741,
    0x00940002, 0x20ef4310, 0x00000628, 0x08000100, 0x05820300, 0x03821220, 0x0f846620, 0x1c000025, 0x83000200, 0x86dd204d, 0x2223830f,
    0x82420002, 0x00ce3e51, 0x00d000cf, 0x00d200d1, 0x00d400d3, 0x00d600d5, 0x00da00d7, 0x00dd00db, 0x00d900dc, 0x26b18ad8, 0x00140001,
    0x82480001, 0x82302003, 0x00002203, 0x2453821e, 0x007a0004, 0x30538283, 0x008a0089, 0x00a2000a, 0x000c00a3, 0x00af00ae, 0x201b820e,
    0x20ad8201, 0x226f8aed, 0x84060001, 0x00012315, 0xe94400fb, 0x2c012108, 0x0e220b82, 0x3f823c00, 0x4182a220, 0x3e001622, 0x522e6182,
    0x20005c00, 0x6e006600, 0x76002800, 0x21820401, 0x9d009d26, 0x0301ad00, 0x0783d782, 0x47820220, 0x0700ad32, 0x1a001000, 0x2e002400,
    0x40003800, 0x11014800, 0xb5202786, 0x9e210986, 0x20098500, 0x873b829e, 0x20138309, 0x21458410, 0x078301b5, 0x0f200f83, 0xb5204d82,
    0x06240382, 0x00011000, 0x9d224386, 0x2584ff00, 0xcf829d20, 0x422a6387, 0x56004c00, 0x6a006000, 0xf5827200, 0x0d018222, 0x09882b87,
    0x09869e20, 0x09887182, 0x11821385, 0x849d0021, 0x87098313, 0x21278713, 0x0182009e, 0x850c0121, 0x20078671, 0x8307849e, 0x82178321,
    0x0100211f, 0x9e276f84, 0xb400ac00, 0x83000600, 0x000e22a9, 0x20fb821e, 0x2037824a, 0x22bf8200, 0x82d8025e, 0x82202023, 0x82032019,
    0x00022403, 0x82ea026e, 0x8410200f, 0x8201200b, 0x888320b1, 0x02342219, 0x200b82ae, 0x20038201, 0x223b8621, 0x86be0242, 0x41222011,
    0x0025099b, 0x00010008, 0x2003820e, 0x83738201, 0x00fe247d, 0x949d0002, 0x82b4201f, 0x00062419, 0x820b010c, 0x849d2007, 0x899e2005,
    0x7e012127, 0x162e4982, 0x66004c00, 0x46012801, 0x5a015001, 0xbd416c01, 0x00222a06, 0x0006012a, 0x010c0130, 0x282f820a, 0x00ae00ae,
    0x000901ad, 0x20078403, 0x28078401, 0x000701ae, 0x01020102, 0x2c058208, 0x00050003, 0x00e4000c, 0x001400ec, 0x853782f4, 0x82052027,
    0xad200873, 0x26001200, 0x3a003000, 0x4e004400, 0x62005800, 0x76006c00, 0x86007e00, 0x96008e00, 0xa6009e00, 0xb6245182, 0x1701bc00,
    0x09876588, 0x1386b520, 0x7982b620, 0xb6211385, 0x20138500, 0x838584b6, 0x87098313, 0x21278713, 0x278300b6, 0xa3841620, 0x8501ad21,
    0x84b52007, 0x83218307, 0x201f830f, 0x211f840e, 0x078501ae, 0x0784b620, 0x07864d82, 0x1401b622, 0x0f22d582, 0x05821501, 0x29821020,
    0x10000826, 0x13011800, 0xb5203384, 0x43830784, 0xdf821220, 0x0100b526, 0x07010400, 0x0983e984, 0x09840820, 0x06000224, 0x43830c00,
    0x1420bb82, 0x2008c542, 0x824f830c, 0x84152011, 0x00013211, 0x00ac0008, 0x00b400ae, 0x00fe00b6, 0x010b01ff, 0x2635820c, 0x003a0000,
    0x8294007a, 0xda6c0813, 0x0001ec00, 0x2e011601, 0x60014e01, 0x8a017401, 0xc201a201, 0xe801d401, 0x1602fe01, 0x46023602, 0x6c025802,
    0x8e027e02, 0xb402a002, 0xe202ca02, 0x28031603, 0x52033c03, 0x84036a03, 0xae039803, 0xdc03c603, 0x0e04f403, 0x40042604, 0xce049404,
    0xfc04e404, 0x32051605, 0x72055c05, 0xa4058a05, 0xea05c005, 0x18060006, 0x4e063206, 0x0020d982, 0x1420c982, 0x50229982, 0x09823400,
    0x25000022, 0x01220582, 0x1982a400, 0x3e000122, 0x01221b84, 0x198a1a00, 0x0b829d20, 0x8a000224, 0x21829100, 0x14000228, 0x01001c00,
    0xab42a004, 0x243b8306, 0x009d0002, 0x2223849e, 0x82a500a4, 0x05032623, 0x00920592, 0x2025826e, 0x2025827c, 0x22118200, 0x83800504,
    0x5c002101, 0x6a201382, 0x05221386, 0x01856c05, 0x82480021, 0x86562015, 0x05062215, 0x21018756, 0x17823200, 0x17864020, 0x3e050722,
    0x9d830189, 0x84280421, 0x82012019, 0x84892077, 0x051e2273, 0x2073841e, 0x24178496, 0x05040003, 0x8401830c, 0x86842073, 0x04052213,
    0x840185f8, 0x86702073, 0x04062215, 0x840187e2, 0x865a2073, 0x04072217, 0x840189ca, 0x88422073, 0x838d2073, 0xaa042373, 0x7384aa04,
    0x1784d820, 0x04217382, 0x84018398, 0x88c62073, 0x04842173, 0x73840184, 0x7388b220, 0x86046e21, 0x20738401, 0x2173889c, 0x01880456,
    0xbb857384, 0x8b20e783, 0x01267382, 0x01003002, 0xf582b604, 0x3182be20, 0x01000324, 0x0f822002, 0x0200a626, 0xae001602, 0x0e201186,
    0x94271182, 0x04020300, 0x83000402, 0x21258257, 0x1382fa01, 0xb3418020, 0x21118208, 0x11827600, 0x01006e24, 0x3584e801, 0x5e040224,
    0x11826600, 0x11825e20, 0x0328cd83, 0x4c040300, 0x54004c04, 0x4c201382, 0xcd831382, 0x3821df83, 0x21018204, 0x15824000, 0x15823820,
    0x0324cd83, 0x22040500, 0x00210185, 0x2017822a, 0x86178222, 0x12002175, 0x0a250f82, 0x0a040200, 0x24c58301, 0x00050002, 0x08b75137,
    0x53001624, 0xe1826800, 0x73006a26, 0x75003000, 0x3a200182, 0x27059b42, 0x0100d603, 0x01005001, 0x25209782, 0xc4261186, 0xc4030200,
    0x138c3e01, 0x0300b027, 0xb003b003, 0x8a738201, 0x009a2429, 0x839a0304, 0x14012101, 0x82242d8c, 0x82030500, 0x00210185, 0x261988fc,
    0x00e20001, 0x82680301, 0x8607820f, 0x00012245, 0x241382ce, 0x00020054, 0x880983c4, 0x82b82015, 0x823e2015, 0x00ae238f, 0x0b8200ae,
    0x02241786, 0xa0009600, 0x26201982, 0x07824382, 0x80221588, 0x15828a00, 0x45821020, 0x17880984, 0x72006826, 0xf8020100, 0x68204782,
    0x0b82fd82, 0x03221986, 0x01824e00, 0x01005824, 0x4982de02, 0x17880782, 0x36003624, 0x17824000, 0x4b82c620, 0x19880984, 0x1c001c23,
    0x21778200, 0x4d82ac02, 0x1b840b86, 0x0f820120, 0xe582fb20, 0x3182fd20, 0x4d820720, 0x15823620, 0x74007422, 0x76264782, 0x37008800,
    0x01829a00, 0xc8004a22, 0x4b2c0182, 0xf100ee00, 0x18014c00, 0x50001901, 0x01223582, 0x69821200, 0x27425820, 0x00022408, 0x82900006,
    0x000022e1, 0x2201829e, 0x82a50007, 0x00082801, 0x00bb00b4, 0x82c00009, 0x01112401, 0x8217010b, 0x00032a33, 0x019e0103, 0x0082009e,
    0x20618201, 0x085f4100, 0x88010422, 0x00210183, 0x2011826c, 0x24558872, 0x01050003, 0x25018570, 0x01005400, 0x198a5a00, 0x56010622,
    0x00230187, 0x8201003a, 0x224d89f9, 0x893a0107, 0x1e002101, 0x24201d82, 0x01223988, 0xa9820100, 0x8a200583, 0x0324c782, 0x10011001,
    0x00218d91, 0x900184fa, 0x08fd498d, 0x00218d90, 0x900188c8, 0xac00218d, 0x8d91018a, 0x91829420, 0x8e000122, 0x89828d83, 0xaa008222,
    0xb0200f82, 0x0324af88, 0x6c000400, 0x94240184, 0x9a000100, 0x0522178a, 0x01865400, 0x01007c22, 0xff893982, 0x3a000622, 0x62200188,
    0x68201b82, 0x0722358a, 0x018a1e00, 0x1f554620, 0x82012006, 0x00252421, 0x86060002, 0x072f550f, 0x50009e28, 0xa700a000, 0x95829c00,
    0xa400f628, 0x1901fb00, 0xaf84f100, 0x05849220, 0xf34a8c20, 0x0044380a, 0x0090001f, 0x00920091, 0x00940093, 0x00960095, 0x00a5009e,
    0x7ab500b4, 0xc0200c11, 0x3107e379, 0x10010f01, 0x12011101, 0x14011301, 0x16011501, 0x7f841701, 0x8f008922, 0x9d248b82, 0x07009d00,
    0xa4346f82, 0xac000800, 0x0900b300, 0xbf00bf00, 0xfe001100, 0x12000a01, 0xfbc4fa05, 0x00009c4c,
};
